{"batch_size": 50, "depth": 5, "dropout": 0.06500093601787053, "ffn_hidden_size": 629, "ffn_num_layers": 1, "final_lr": 2.850189913603406e-07, "hidden_size": 1938, "init_lr": 3.9491091568213894e-07, "max_lr": 1.8238036105553105e-05, "warmup_epochs": 5}