{"batch_size": 13, "depth": 4, "dropout": 0.35728932244084377, "ffn_hidden_size": 1425, "ffn_num_layers": 2, "final_lr": 8.673296892746983e-10, "hidden_size": 2335, "init_lr": 3.1993971490769916e-10, "max_lr": 1.864954042355994e-08, "warmup_epochs": 3}