{"batch_size": 20, "depth": 6, "dropout": 0.07157888722205256, "ffn_hidden_size": 300, "ffn_num_layers": 3, "final_lr": 4.025865610212363e-05, "hidden_size": 2399, "init_lr": 3.7050507371568695e-06, "max_lr": 0.00011923207950382521, "warmup_epochs": 6}