{"batch_size": 12, "depth": 4, "dropout": 0.1966386461191426, "ffn_hidden_size": 2111, "ffn_num_layers": 3, "final_lr": 1.9324378683431043e-06, "hidden_size": 1975, "init_lr": 4.301208347279212e-06, "max_lr": 0.00020265737142576644, "warmup_epochs": 6}