{"batch_size": 72, "depth": 5, "dropout": 0.06936532758292986, "ffn_hidden_size": 333, "ffn_num_layers": 3, "final_lr": 0.0002194598528712259, "hidden_size": 1923, "init_lr": 1.2761436527536835e-05, "max_lr": 0.001, "warmup_epochs": 2}