{"batch_size": 78, "depth": 3, "dropout": 0.24134082271569834, "ffn_hidden_size": 2392, "ffn_num_layers": 2, "final_lr": 3.721019830813486e-05, "hidden_size": 2376, "init_lr": 2.0651760762554914e-05, "max_lr": 0.0005204000060292392, "warmup_epochs": 4}