{"batch_size": 34, "depth": 3, "dropout": 0.11928850780834822, "ffn_hidden_size": 2126, "ffn_num_layers": 3, "final_lr": 3.7994233836404173e-06, "hidden_size": 300, "init_lr": 1.4315851601561939e-05, "max_lr": 0.0006300083820931496, "warmup_epochs": 3}