{"batch_size": 54, "depth": 6, "dropout": 0.3950228587820519, "ffn_hidden_size": 1968, "ffn_num_layers": 2, "final_lr": 2.1822173616082635e-08, "hidden_size": 2171, "init_lr": 8.243927986471369e-07, "max_lr": 1.6516715608932496e-06, "warmup_epochs": 4}