{"batch_size": 55, "depth": 4, "dropout": 0.1617631292196093, "ffn_hidden_size": 1900, "ffn_num_layers": 1, "final_lr": 1.4648585356371784e-08, "hidden_size": 2062, "init_lr": 1.0449299687222387e-08, "max_lr": 8.820189676435081e-06, "warmup_epochs": 3}