{"batch_size": 55, "depth": 3, "dropout": 0.28092270884739884, "ffn_hidden_size": 1923, "ffn_num_layers": 3, "final_lr": 3.412399763711257e-05, "hidden_size": 859, "init_lr": 2.5975968326008032e-05, "max_lr": 0.00046174034216789773, "warmup_epochs": 5}