{"batch_size": 77, "depth": 3, "dropout": 0.06728669964847797, "ffn_hidden_size": 2093, "ffn_num_layers": 2, "final_lr": 9.133170638087529e-10, "hidden_size": 338, "init_lr": 1.5719241252662593e-09, "max_lr": 8.729936355710586e-07, "warmup_epochs": 6}