{"batch_size": 62, "depth": 6, "dropout": 0.3596118663730029, "ffn_hidden_size": 780, "ffn_num_layers": 1, "final_lr": 1.7722696023329636e-10, "hidden_size": 1127, "init_lr": 9.231329361540006e-11, "max_lr": 8.956543829256457e-08, "warmup_epochs": 4}