{"batch_size": 33, "depth": 4, "dropout": 0.2117900256980502, "ffn_hidden_size": 1620, "ffn_num_layers": 2, "final_lr": 1.2910812947927113e-08, "hidden_size": 1315, "init_lr": 9.636412506442362e-09, "max_lr": 4.752336861102599e-06, "warmup_epochs": 5}