{"batch_size": 41, "depth": 6, "dropout": 0.0065418373566898825, "ffn_hidden_size": 303, "ffn_num_layers": 3, "final_lr": 0.00042240944534475917, "hidden_size": 300, "init_lr": 0.0004098241459050479, "max_lr": 0.00042240944534475917, "warmup_epochs": 3}