{"batch_size": 80, "depth": 2, "dropout": 0.16456192745933204, "ffn_hidden_size": 1051, "ffn_num_layers": 3, "final_lr": 2.0015619566589876e-09, "hidden_size": 1726, "init_lr": 1.8610841191542216e-09, "max_lr": 2.83735942116233e-07, "warmup_epochs": 4}