{"batch_size": 10, "depth": 3, "dropout": 0.3964373696188861, "ffn_hidden_size": 2400, "ffn_num_layers": 2, "final_lr": 3.9930129726176706e-05, "hidden_size": 504, "init_lr": 1.0164436655780818e-05, "max_lr": 0.00028765636362565, "warmup_epochs": 4}