{"batch_size": 44, "depth": 3, "dropout": 0.3757431622950106, "ffn_hidden_size": 2400, "ffn_num_layers": 3, "final_lr": 0.00020352430909361112, "hidden_size": 2400, "init_lr": 0.00028694727433781306, "max_lr": 0.0006174018359414096, "warmup_epochs": 3}