{"batch_size": 10, "depth": 4, "dropout": 0.10853465589259759, "ffn_hidden_size": 1282, "ffn_num_layers": 2, "final_lr": 1.3800425419732692e-06, "hidden_size": 1011, "init_lr": 0.0005169900919401391, "max_lr": 0.0005169900919401391, "warmup_epochs": 4}