{"batch_size": 34, "depth": 4, "dropout": 0.15030656896322564, "ffn_hidden_size": 1213, "ffn_num_layers": 2, "final_lr": 1.5772801662192993e-05, "hidden_size": 2376, "init_lr": 0.0006528530585401665, "max_lr": 0.001, "warmup_epochs": 5}