{"batch_size": 77, "depth": 6, "dropout": 0.14111024290609564, "ffn_hidden_size": 2400, "ffn_num_layers": 3, "final_lr": 0.0007121001442737294, "hidden_size": 1841, "init_lr": 0.00037160125729970313, "max_lr": 0.0007121001442737294, "warmup_epochs": 2}