{"batch_size": 93, "depth": 4, "dropout": 0.0012617449363195804, "ffn_hidden_size": 1259, "ffn_num_layers": 2, "final_lr": 2.2394118159994733e-06, "hidden_size": 595, "init_lr": 9.449432784419232e-06, "max_lr": 0.00016207427410582114, "warmup_epochs": 2}