{"batch_size": 10, "depth": 6, "dropout": 0.0, "ffn_hidden_size": 2400, "ffn_num_layers": 3, "final_lr": 0.0002900720014255409, "hidden_size": 2400, "init_lr": 7.310980642829505e-05, "max_lr": 0.0002991140150821744, "warmup_epochs": 3}