{"batch_size": 60, "depth": 2, "dropout": 0.2682649656537235, "ffn_hidden_size": 2399, "ffn_num_layers": 2, "final_lr": 3.5446024095311857e-07, "hidden_size": 2400, "init_lr": 0.00035446024095311853, "max_lr": 0.00035446024095311853, "warmup_epochs": 6}