{"batch_size": 50, "depth": 3, "dropout": 0.2536475800757005, "ffn_hidden_size": 1925, "ffn_num_layers": 3, "final_lr": 6.950783898599268e-07, "hidden_size": 2400, "init_lr": 9.66788032096896e-05, "max_lr": 0.0006950783898599268, "warmup_epochs": 6}