{"batch_size": 10, "depth": 6, "dropout": 0.4, "ffn_hidden_size": 1871, "ffn_num_layers": 3, "final_lr": 0.00017645107771921452, "hidden_size": 793, "init_lr": 1.7645107771921452e-07, "max_lr": 0.00017645107771921452, "warmup_epochs": 6}