{
    "batch_size": 11,
    "depth": 6,
    "dropout": 0.0,
    "ffn_hidden_size": 1200,
    "ffn_num_layers": 3,
    "final_lr": 0.00033206016851582105,
    "hidden_size": 1188,
    "init_lr": 1.9303011028876564e-05,
    "max_lr": 0.00033206016851582105,
    "warmup_epochs": 6
}