{"batch_size": 81, "depth": 5, "dropout": 0.17140832976537385, "ffn_hidden_size": 1038, "ffn_num_layers": 1, "final_lr": 9.150197983012746e-06, "hidden_size": 1291, "init_lr": 3.511731620576294e-06, "max_lr": 7.038937369646604e-05, "warmup_epochs": 6}