{"batch_size": 27, "depth": 5, "dropout": 0.11746231371610232, "ffn_hidden_size": 300, "ffn_num_layers": 2, "final_lr": 1.7125269652683688e-06, "hidden_size": 1220, "init_lr": 2.741854800840952e-06, "max_lr": 7.548846104346131e-05, "warmup_epochs": 3}