{"batch_size": 38, "depth": 2, "dropout": 0.034330358345444845, "ffn_hidden_size": 1492, "ffn_num_layers": 1, "final_lr": 1.2974057681444767e-06, "hidden_size": 935, "init_lr": 1.5048092329378459e-05, "max_lr": 0.00027313656544397696, "warmup_epochs": 3}