{"batch_size": 75, "depth": 4, "dropout": 0.1042774521409985, "ffn_hidden_size": 1526, "ffn_num_layers": 3, "final_lr": 0.0006124556390565177, "hidden_size": 2279, "init_lr": 4.9282216030237244e-05, "max_lr": 0.0006124556390565177, "warmup_epochs": 5}