{"batch_size": 29, "depth": 2, "dropout": 0.14169971890722177, "ffn_hidden_size": 802, "ffn_num_layers": 3, "final_lr": 0.000259740609426551, "hidden_size": 1412, "init_lr": 0.001, "max_lr": 0.001, "warmup_epochs": 3}