{"batch_size": 40, "depth": 5, "dropout": 0.0, "ffn_hidden_size": 583, "ffn_num_layers": 2, "final_lr": 3.7533524219533458e-06, "hidden_size": 688, "init_lr": 4.7359321930502607e-07, "max_lr": 0.00021985761280939105, "warmup_epochs": 2}