{"batch_size": 10, "depth": 3, "dropout": 0.0, "ffn_hidden_size": 2397, "ffn_num_layers": 3, "final_lr": 0.0002399194967516862, "hidden_size": 1883, "init_lr": 0.0002399194967516862, "max_lr": 0.0002399194967516862, "warmup_epochs": 5}