{"batch_size": 16, "depth": 5, "dropout": 0.013046029814055771, "ffn_hidden_size": 590, "ffn_num_layers": 2, "final_lr": 0.00015209986924559902, "hidden_size": 1323, "init_lr": 3.5904583389584953e-06, "max_lr": 0.0005920639351482879, "warmup_epochs": 3}