{"batch_size": 48, "depth": 4, "dropout": 0.10040489426683674, "ffn_hidden_size": 2157, "ffn_num_layers": 3, "final_lr": 7.052454551132645e-05, "hidden_size": 1769, "init_lr": 4.254406646431862e-05, "max_lr": 0.001, "warmup_epochs": 4}