{"batch_size": 24, "depth": 4, "dropout": 0.18931839302883394, "ffn_hidden_size": 1967, "ffn_num_layers": 3, "final_lr": 2.2561084051869232e-07, "hidden_size": 1791, "init_lr": 6.267059476998117e-07, "max_lr": 1.5138369470134767e-05, "warmup_epochs": 2}