{"batch_size": 10, "depth": 6, "dropout": 0.0, "ffn_hidden_size": 2288, "ffn_num_layers": 3, "final_lr": 0.00021910950650966152, "hidden_size": 937, "init_lr": 3.7694223479412337e-06, "max_lr": 0.00021910950650966152, "warmup_epochs": 3}