{"batch_size": 28, "depth": 3, "dropout": 0.1709857441771369, "ffn_hidden_size": 1038, "ffn_num_layers": 3, "final_lr": 1.9666797049547536e-07, "hidden_size": 1468, "init_lr": 7.508796000164652e-05, "max_lr": 0.00019666797049547536, "warmup_epochs": 3}