{"batch_size": 71, "depth": 4, "dropout": 0.09170361294262255, "ffn_hidden_size": 747, "ffn_num_layers": 2, "final_lr": 8.70432725517749e-06, "hidden_size": 2260, "init_lr": 5.179956617788904e-06, "max_lr": 0.0008770179506534806, "warmup_epochs": 4}