{"batch_size": 77, "depth": 4, "dropout": 0.13347784503953816, "ffn_hidden_size": 1975, "ffn_num_layers": 3, "final_lr": 8.07927120823566e-05, "hidden_size": 1717, "init_lr": 5.69960570569838e-06, "max_lr": 0.000394434075019539, "warmup_epochs": 3}