{"batch_size": 60, "depth": 4, "dropout": 0.10711261354127287, "ffn_hidden_size": 567, "ffn_num_layers": 3, "final_lr": 0.0009155818747365741, "hidden_size": 2400, "init_lr": 8.156039337771659e-05, "max_lr": 0.0009208879389278272, "warmup_epochs": 2}