{"batch_size": 99, "depth": 5, "dropout": 0.10731358528712642, "ffn_hidden_size": 2343, "ffn_num_layers": 3, "final_lr": 6.89356792941294e-05, "hidden_size": 1913, "init_lr": 1.0534820897685115e-05, "max_lr": 0.0008757577182756333, "warmup_epochs": 4}