{"batch_size": 87, "depth": 4, "dropout": 0.06774159522344518, "ffn_hidden_size": 799, "ffn_num_layers": 1, "final_lr": 2.383005136496324e-06, "hidden_size": 728, "init_lr": 7.26725028845645e-06, "max_lr": 0.00016207427410582114, "warmup_epochs": 3}