{"batch_size": 76, "depth": 2, "dropout": 0.2304140368405657, "ffn_hidden_size": 961, "ffn_num_layers": 3, "final_lr": 3.519114517087681e-05, "hidden_size": 2400, "init_lr": 5.648358130466807e-05, "max_lr": 0.000716666370619908, "warmup_epochs": 5}