{"batch_size": 40, "depth": 6, "dropout": 0.0004369304293928109, "ffn_hidden_size": 2037, "ffn_num_layers": 3, "final_lr": 1.6965969584439827e-06, "hidden_size": 2136, "init_lr": 0.00036071234646224156, "max_lr": 0.00036071234646224156, "warmup_epochs": 6}