{"batch_size": 51, "depth": 6, "dropout": 0.12593935848989446, "ffn_hidden_size": 2394, "ffn_num_layers": 2, "final_lr": 0.00038389891288784857, "hidden_size": 1667, "init_lr": 0.00012953447378574533, "max_lr": 0.00038389891288784857, "warmup_epochs": 3}