{"batch_size": 60, "depth": 4, "dropout": 0.1777678198903351, "ffn_hidden_size": 511, "ffn_num_layers": 2, "final_lr": 0.001, "hidden_size": 1051, "init_lr": 0.0009603426801666211, "max_lr": 0.001, "warmup_epochs": 2}