{"batch_size": 68, "depth": 6, "dropout": 0.0, "ffn_hidden_size": 790, "ffn_num_layers": 2, "final_lr": 0.0002492858989923388, "hidden_size": 1648, "init_lr": 1.3583231170863234e-05, "max_lr": 0.00025518158702353075, "warmup_epochs": 5}