{"batch_size": 30, "depth": 5, "dropout": 0.11193189668480966, "ffn_hidden_size": 1488, "ffn_num_layers": 3, "final_lr": 1.5337884622728074e-06, "hidden_size": 2009, "init_lr": 0.0006854254985392946, "max_lr": 0.0009228377604840141, "warmup_epochs": 5}