{"batch_size": 10, "depth": 6, "dropout": 0.02273127218874279, "ffn_hidden_size": 1044, "ffn_num_layers": 2, "final_lr": 4.497148025546612e-05, "hidden_size": 1776, "init_lr": 1.281943938465906e-05, "max_lr": 0.00034245269546525573, "warmup_epochs": 3}