{"batch_size": 63, "depth": 4, "dropout": 0.08610947088900707, "ffn_hidden_size": 871, "ffn_num_layers": 2, "final_lr": 1.594836798566454e-05, "hidden_size": 2045, "init_lr": 5.179956617788904e-06, "max_lr": 0.0008770179506534806, "warmup_epochs": 5}