{"batch_size": 92, "depth": 6, "dropout": 0.11747808363594432, "ffn_hidden_size": 838, "ffn_num_layers": 3, "final_lr": 0.0001633698894575404, "hidden_size": 1515, "init_lr": 0.0001484517067107406, "max_lr": 0.000260417145003979, "warmup_epochs": 4}