{"batch_size": 10, "depth": 6, "dropout": 0.0, "ffn_hidden_size": 1544, "ffn_num_layers": 3, "final_lr": 3.0668259499535675e-05, "hidden_size": 2400, "init_lr": 1.0092042217439234e-06, "max_lr": 0.001, "warmup_epochs": 4}