{"batch_size": 94, "depth": 4, "dropout": 0.21911503172591937, "ffn_hidden_size": 1771, "ffn_num_layers": 1, "final_lr": 5.804273892543177e-10, "hidden_size": 2310, "init_lr": 3.219822790047177e-09, "max_lr": 2.4215997979305936e-08, "warmup_epochs": 3}