{"batch_size": 17, "depth": 5, "dropout": 0.11033338065255269, "ffn_hidden_size": 811, "ffn_num_layers": 1, "final_lr": 3.5792477960467696e-08, "hidden_size": 482, "init_lr": 1.6196469043439703e-08, "max_lr": 1.525035498586678e-07, "warmup_epochs": 3}