{"batch_size": 69, "depth": 4, "dropout": 0.04780747133408835, "ffn_hidden_size": 300, "ffn_num_layers": 3, "final_lr": 0.001, "hidden_size": 575, "init_lr": 0.0005265202449939757, "max_lr": 0.001, "warmup_epochs": 2}