{"batch_size": 21, "depth": 6, "dropout": 0.17903404298987552, "ffn_hidden_size": 2236, "ffn_num_layers": 1, "final_lr": 2.3808861845384827e-08, "hidden_size": 2052, "init_lr": 8.123527520181617e-08, "max_lr": 3.0257382467476062e-06, "warmup_epochs": 2}