{"batch_size": 80, "depth": 6, "dropout": 0.06341841438449862, "ffn_hidden_size": 614, "ffn_num_layers": 2, "final_lr": 1.854658229014167e-05, "hidden_size": 300, "init_lr": 3.1470128272274423e-07, "max_lr": 0.00018131303087169423, "warmup_epochs": 3}