{"batch_size": 34, "depth": 3, "dropout": 0.3718852895439425, "ffn_hidden_size": 1682, "ffn_num_layers": 1, "final_lr": 0.0007600556799156505, "hidden_size": 803, "init_lr": 1.0717199375063851e-05, "max_lr": 0.0007600556799156505, "warmup_epochs": 6}