{"batch_size": 76, "depth": 3, "dropout": 0.39519887989837976, "ffn_hidden_size": 1970, "ffn_num_layers": 3, "final_lr": 0.00013396279241074632, "hidden_size": 2400, "init_lr": 1.2115648965842851e-06, "max_lr": 0.0002571489811015622, "warmup_epochs": 5}