{"batch_size": 28, "depth": 5, "dropout": 0.3454947701160989, "ffn_hidden_size": 1534, "ffn_num_layers": 3, "final_lr": 0.0001396270825224947, "hidden_size": 2284, "init_lr": 0.0005609403842113964, "max_lr": 0.0005609403842113964, "warmup_epochs": 3}