{"batch_size": 16, "depth": 4, "dropout": 0.150289895468523, "ffn_hidden_size": 1210, "ffn_num_layers": 2, "final_lr": 2.100056056087969e-10, "hidden_size": 2341, "init_lr": 6.129478216985322e-09, "max_lr": 2.706483672351193e-08, "warmup_epochs": 2}