{"batch_size": 33, "depth": 2, "dropout": 0.12047820302833272, "ffn_hidden_size": 2281, "ffn_num_layers": 1, "final_lr": 4.81779905063325e-08, "hidden_size": 2165, "init_lr": 3.9657990537669906e-08, "max_lr": 1.0020514457178627e-05, "warmup_epochs": 4}