{"batch_size": 57, "depth": 4, "dropout": 0.06078608860512689, "ffn_hidden_size": 2191, "ffn_num_layers": 2, "final_lr": 2.4731729729836826e-08, "hidden_size": 1615, "init_lr": 3.5740697662416434e-08, "max_lr": 3.92648335658449e-06, "warmup_epochs": 2}