{"batch_size": 53, "depth": 5, "dropout": 0.0, "ffn_hidden_size": 302, "ffn_num_layers": 3, "final_lr": 4.233877806718016e-06, "hidden_size": 1039, "init_lr": 5.045164004192246e-07, "max_lr": 0.0002197796933241957, "warmup_epochs": 3}