{"batch_size": 15, "depth": 5, "dropout": 0.08192973996075852, "ffn_hidden_size": 1611, "ffn_num_layers": 3, "final_lr": 0.00020149054718837339, "hidden_size": 1016, "init_lr": 5.353586255860218e-05, "max_lr": 0.00020149054718837339, "warmup_epochs": 5}