{"batch_size": 19, "depth": 6, "dropout": 0.07569153337205634, "ffn_hidden_size": 916, "ffn_num_layers": 3, "final_lr": 2.125219885754823e-06, "hidden_size": 1411, "init_lr": 2.741854800840952e-06, "max_lr": 7.548846104346131e-05, "warmup_epochs": 3}