{"batch_size": 39, "depth": 6, "dropout": 0.3579155936366073, "ffn_hidden_size": 1427, "ffn_num_layers": 3, "final_lr": 9.956151588927069e-05, "hidden_size": 2119, "init_lr": 0.0005609403842113964, "max_lr": 0.0005609403842113964, "warmup_epochs": 3}