{"batch_size": 10, "depth": 6, "dropout": 0.0014880375209631344, "ffn_hidden_size": 1028, "ffn_num_layers": 2, "final_lr": 6.295536164345155e-05, "hidden_size": 1798, "init_lr": 4.960203614207318e-06, "max_lr": 0.0002607384703687649, "warmup_epochs": 6}