{"batch_size": 10, "depth": 5, "dropout": 0.0, "ffn_hidden_size": 1410, "ffn_num_layers": 2, "final_lr": 0.00013432718074738928, "hidden_size": 777, "init_lr": 9.18640628672838e-07, "max_lr": 0.0001738136569654546, "warmup_epochs": 3}