{"batch_size": 10, "depth": 6, "dropout": 0.04815745333564484, "ffn_hidden_size": 2388, "ffn_num_layers": 3, "final_lr": 0.00019706338922610147, "hidden_size": 2400, "init_lr": 1.5927507055470713e-05, "max_lr": 0.0002851327938143213, "warmup_epochs": 4}