{"batch_size": 12, "depth": 6, "dropout": 0.07656569401125495, "ffn_hidden_size": 2016, "ffn_num_layers": 2, "final_lr": 6.364713242864962e-07, "hidden_size": 1660, "init_lr": 3.7262599604657566e-06, "max_lr": 0.00011676926174754907, "warmup_epochs": 3}