{"batch_size": 32, "depth": 5, "dropout": 0.18658351122862535, "ffn_hidden_size": 548, "ffn_num_layers": 3, "final_lr": 3.875505645302748e-05, "hidden_size": 1552, "init_lr": 3.85188649478875e-05, "max_lr": 0.0005224018744939589, "warmup_epochs": 2}