{"batch_size": 14, "depth": 4, "dropout": 0.21972285932742217, "ffn_hidden_size": 2400, "ffn_num_layers": 3, "final_lr": 4.0760117822018346e-05, "hidden_size": 1648, "init_lr": 3.8727492889768524e-07, "max_lr": 8.012689212648869e-05, "warmup_epochs": 5}