{"batch_size": 10, "depth": 5, "dropout": 0.01284746196564475, "ffn_hidden_size": 1788, "ffn_num_layers": 3, "final_lr": 0.0001126040895156646, "hidden_size": 1656, "init_lr": 4.71604135076954e-06, "max_lr": 0.0001126040895156646, "warmup_epochs": 4}