{"batch_size": 44, "depth": 2, "dropout": 0.20698857294435563, "ffn_hidden_size": 2400, "ffn_num_layers": 3, "final_lr": 0.0006977799458376427, "hidden_size": 1779, "init_lr": 3.790801498535209e-05, "max_lr": 0.0006977799458376427, "warmup_epochs": 6}