{"batch_size": 10, "depth": 2, "dropout": 0.0, "ffn_hidden_size": 809, "ffn_num_layers": 2, "final_lr": 2.241218943653845e-07, "hidden_size": 1462, "init_lr": 6.372511003204395e-07, "max_lr": 0.00017321470137823187, "warmup_epochs": 5}