{"batch_size": 35, "depth": 6, "dropout": 0.05112469683458833, "ffn_hidden_size": 353, "ffn_num_layers": 2, "final_lr": 5.151176095826266e-05, "hidden_size": 728, "init_lr": 7.716707505417818e-07, "max_lr": 0.00011255073897665482, "warmup_epochs": 6}