{"batch_size": 55, "depth": 5, "dropout": 0.1686910118076398, "ffn_hidden_size": 1177, "ffn_num_layers": 3, "final_lr": 1.4447797897731477e-06, "hidden_size": 1095, "init_lr": 3.305814188432502e-05, "max_lr": 0.0002378144032595463, "warmup_epochs": 6}