{"batch_size": 100, "depth": 3, "dropout": 0.3449685833367449, "ffn_hidden_size": 2396, "ffn_num_layers": 3, "final_lr": 0.00017103251464268914, "hidden_size": 2230, "init_lr": 2.3058191834696643e-06, "max_lr": 0.00030941847750808076, "warmup_epochs": 4}