{"batch_size": 38, "depth": 3, "dropout": 0.22828858749132008, "ffn_hidden_size": 1912, "ffn_num_layers": 3, "final_lr": 3.995570149161475e-06, "hidden_size": 1318, "init_lr": 4.788318700878954e-07, "max_lr": 0.00030621142558777994, "warmup_epochs": 5}