{"batch_size": 40, "depth": 2, "dropout": 0.03537079431610073, "ffn_hidden_size": 954, "ffn_num_layers": 2, "final_lr": 3.896829422288425e-11, "hidden_size": 1745, "init_lr": 1.474157277032335e-10, "max_lr": 1.651333957851142e-08, "warmup_epochs": 5}