{"batch_size": 10, "depth": 3, "dropout": 0.030289862264560968, "ffn_hidden_size": 970, "ffn_num_layers": 2, "final_lr": 2.2424678640030682e-07, "hidden_size": 1392, "init_lr": 7.539432524278389e-07, "max_lr": 0.00017320000980661172, "warmup_epochs": 4}