{"batch_size": 100, "depth": 5, "dropout": 0.09085384989424816, "ffn_hidden_size": 809, "ffn_num_layers": 3, "final_lr": 1.619911266164948e-05, "hidden_size": 2382, "init_lr": 2.383918928889243e-05, "max_lr": 0.0005224607968348896, "warmup_epochs": 5}