{"batch_size": 71, "depth": 3, "dropout": 0.31584290291178485, "ffn_hidden_size": 792, "ffn_num_layers": 1, "final_lr": 0.0002337411223161012, "hidden_size": 977, "init_lr": 9.336385526837674e-07, "max_lr": 0.00028783309917014294, "warmup_epochs": 3}