{"batch_size": 44, "depth": 4, "dropout": 0.32393926185101246, "ffn_hidden_size": 455, "ffn_num_layers": 3, "final_lr": 3.2874652847482465e-05, "hidden_size": 2172, "init_lr": 6.817997980638546e-06, "max_lr": 0.00038013940092598646, "warmup_epochs": 4}