{"batch_size": 10, "depth": 6, "dropout": 0.0, "ffn_hidden_size": 1115, "ffn_num_layers": 3, "final_lr": 9.009306402677675e-07, "hidden_size": 813, "init_lr": 0.0008698710001480305, "max_lr": 0.0009009306402677675, "warmup_epochs": 5}