{"batch_size": 10, "depth": 6, "dropout": 0.1869988127644537, "ffn_hidden_size": 562, "ffn_num_layers": 3, "final_lr": 0.00014224921654143298, "hidden_size": 2370, "init_lr": 3.659977027383574e-06, "max_lr": 0.00014224921654143298, "warmup_epochs": 6}