{"batch_size": 58, "depth": 5, "dropout": 0.11507580987114932, "ffn_hidden_size": 1736, "ffn_num_layers": 1, "final_lr": 5.8685312136438436e-06, "hidden_size": 1621, "init_lr": 0.0005769112489112515, "max_lr": 0.0009076979619470297, "warmup_epochs": 2}