{"batch_size": 32, "depth": 3, "dropout": 0.35846921840855084, "ffn_hidden_size": 2004, "ffn_num_layers": 2, "final_lr": 0.0005013516021147871, "hidden_size": 791, "init_lr": 1.0896244388051297e-05, "max_lr": 0.0007600843819823762, "warmup_epochs": 6}