{"batch_size": 11, "depth": 3, "dropout": 0.3983900241027831, "ffn_hidden_size": 2284, "ffn_num_layers": 2, "final_lr": 4.301508427974801e-05, "hidden_size": 1019, "init_lr": 6.707668163708227e-06, "max_lr": 0.00028756381828945037, "warmup_epochs": 4}