{"batch_size": 55, "depth": 4, "dropout": 0.05488971083403058, "ffn_hidden_size": 2289, "ffn_num_layers": 2, "final_lr": 3.0848347691444436e-06, "hidden_size": 2290, "init_lr": 5.342679831371272e-07, "max_lr": 0.0005201782374137343, "warmup_epochs": 4}