{"batch_size": 56, "depth": 4, "dropout": 0.1928057617548614, "ffn_hidden_size": 1499, "ffn_num_layers": 1, "final_lr": 6.261842729778017e-06, "hidden_size": 1693, "init_lr": 2.268064082623418e-07, "max_lr": 5.337267796965584e-05, "warmup_epochs": 3}