{"batch_size": 49, "depth": 5, "dropout": 0.20450709094675376, "ffn_hidden_size": 1512, "ffn_num_layers": 2, "final_lr": 1.3226014213957296e-06, "hidden_size": 840, "init_lr": 6.032567084588538e-05, "max_lr": 0.0005957354770596833, "warmup_epochs": 5}