{"batch_size": 40, "depth": 5, "dropout": 0.04420918661236914, "ffn_hidden_size": 1664, "ffn_num_layers": 3, "final_lr": 1.8483995272254025e-06, "hidden_size": 1781, "init_lr": 8.393131267945865e-06, "max_lr": 0.0005285794166276306, "warmup_epochs": 4}