{"batch_size": 10, "depth": 4, "dropout": 0.13594894994940337, "ffn_hidden_size": 2397, "ffn_num_layers": 2, "final_lr": 0.00010473470365498633, "hidden_size": 2391, "init_lr": 4.533485201109632e-05, "max_lr": 0.001, "warmup_epochs": 3}