{"batch_size": 10, "depth": 4, "dropout": 0.0, "ffn_hidden_size": 1055, "ffn_num_layers": 3, "final_lr": 3.9142607201088196e-05, "hidden_size": 1455, "init_lr": 0.0003964828873787292, "max_lr": 0.0003964828873787292, "warmup_epochs": 3}