{"batch_size": 71, "depth": 4, "dropout": 0.01857340996965394, "ffn_hidden_size": 1574, "ffn_num_layers": 3, "final_lr": 5.504779425232387e-05, "hidden_size": 2282, "init_lr": 3.297622584921061e-05, "max_lr": 0.0004366010244191463, "warmup_epochs": 4}