{"batch_size": 50, "depth": 4, "dropout": 0.25131869767251364, "ffn_hidden_size": 1212, "ffn_num_layers": 2, "final_lr": 1.3226014213957296e-06, "hidden_size": 1148, "init_lr": 8.512391956609397e-05, "max_lr": 0.0005957354770596833, "warmup_epochs": 5}