{"batch_size": 52, "depth": 5, "dropout": 0.1473546419620962, "ffn_hidden_size": 2034, "ffn_num_layers": 2, "final_lr": 7.270019233483737e-05, "hidden_size": 1388, "init_lr": 0.00015489501187241128, "max_lr": 0.0005460511728945373, "warmup_epochs": 5}