{"batch_size": 10, "depth": 5, "dropout": 0.004536456418609529, "ffn_hidden_size": 1201, "ffn_num_layers": 3, "final_lr": 0.00021689987315470015, "hidden_size": 2400, "init_lr": 4.2138370269793534e-05, "max_lr": 0.00021689987315470015, "warmup_epochs": 2}