{"batch_size": 10, "depth": 2, "dropout": 0.0024798465816890654, "ffn_hidden_size": 2396, "ffn_num_layers": 3, "final_lr": 3.4545324986627254e-06, "hidden_size": 2400, "init_lr": 1.9801093249301593e-06, "max_lr": 0.001, "warmup_epochs": 6}