{"batch_size": 25, "depth": 6, "dropout": 0.4, "ffn_hidden_size": 1715, "ffn_num_layers": 3, "final_lr": 0.0001396270825224947, "hidden_size": 2269, "init_lr": 0.0005609403842113964, "max_lr": 0.0005609403842113964, "warmup_epochs": 3}