{"batch_size": 10, "depth": 6, "dropout": 0.0015085457837871565, "ffn_hidden_size": 1557, "ffn_num_layers": 3, "final_lr": 0.0001243522952457725, "hidden_size": 1120, "init_lr": 1.2435229524577252e-07, "max_lr": 0.0001243522952457725, "warmup_epochs": 4}