{"batch_size": 10, "depth": 4, "dropout": 0.0, "ffn_hidden_size": 1002, "ffn_num_layers": 3, "final_lr": 1.1362364764496202e-05, "hidden_size": 1796, "init_lr": 1.2376839682570342e-06, "max_lr": 0.0005175904206615838, "warmup_epochs": 4}