{"batch_size": 36, "depth": 3, "dropout": 0.001509907758428746, "ffn_hidden_size": 1279, "ffn_num_layers": 2, "final_lr": 3.766862702236743e-10, "hidden_size": 1578, "init_lr": 1.5306185998512862e-09, "max_lr": 1.1892420875391533e-07, "warmup_epochs": 4}