{"batch_size": 20, "depth": 5, "dropout": 0.05056898953502635, "ffn_hidden_size": 547, "ffn_num_layers": 2, "final_lr": 5.151176095826264e-05, "hidden_size": 787, "init_lr": 6.521404947042874e-07, "max_lr": 0.00011255073897665478, "warmup_epochs": 6}