{"batch_size": 74, "depth": 5, "dropout": 0.10694283015333136, "ffn_hidden_size": 833, "ffn_num_layers": 1, "final_lr": 1.0511670399220867e-09, "hidden_size": 1181, "init_lr": 3.6163324720321116e-07, "max_lr": 6.318342712343356e-07, "warmup_epochs": 5}