{"batch_size": 98, "depth": 5, "dropout": 0.29947664702631077, "ffn_hidden_size": 2173, "ffn_num_layers": 2, "final_lr": 2.7701823927354123e-05, "hidden_size": 1241, "init_lr": 6.631314933381868e-07, "max_lr": 6.17075209617313e-05, "warmup_epochs": 2}