{"batch_size": 10, "depth": 2, "dropout": 0.06526236993929282, "ffn_hidden_size": 1197, "ffn_num_layers": 3, "final_lr": 4.063344380106731e-05, "hidden_size": 1981, "init_lr": 0.00048000027607348976, "max_lr": 0.0004857219804487765, "warmup_epochs": 6}