{"batch_size": 66, "depth": 3, "dropout": 0.2626399374031728, "ffn_hidden_size": 1712, "ffn_num_layers": 2, "final_lr": 2.0245289360938087e-05, "hidden_size": 2041, "init_lr": 0.00011302398472631277, "max_lr": 0.0009772775093554226, "warmup_epochs": 5}