{"batch_size": 15, "depth": 4, "dropout": 0.19669881450516474, "ffn_hidden_size": 2400, "ffn_num_layers": 3, "final_lr": 3.006006218448356e-05, "hidden_size": 1934, "init_lr": 3.8727492889768524e-07, "max_lr": 8.012689212648869e-05, "warmup_epochs": 4}