{"batch_size": 16, "depth": 4, "dropout": 0.04071799732279762, "ffn_hidden_size": 1679, "ffn_num_layers": 3, "final_lr": 0.0004447439276892662, "hidden_size": 1587, "init_lr": 0.00020272500764622817, "max_lr": 0.0004447439276892662, "warmup_epochs": 5}