{"batch_size": 49, "depth": 5, "dropout": 0.1454815948841208, "ffn_hidden_size": 1310, "ffn_num_layers": 3, "final_lr": 1.093362731742439e-06, "hidden_size": 926, "init_lr": 5.8149799621788334e-05, "max_lr": 0.00023781440325954634, "warmup_epochs": 6}