{"batch_size": 10, "depth": 4, "dropout": 0.15164948317801413, "ffn_hidden_size": 1308, "ffn_num_layers": 3, "final_lr": 1.59946827124716e-05, "hidden_size": 1551, "init_lr": 8.882653927253849e-06, "max_lr": 0.0002358360827711153, "warmup_epochs": 3}