{"batch_size": 91, "depth": 4, "dropout": 0.09833623276653737, "ffn_hidden_size": 945, "ffn_num_layers": 2, "final_lr": 2.383005136496324e-06, "hidden_size": 300, "init_lr": 7.4096329146550766e-06, "max_lr": 0.00016207427410582114, "warmup_epochs": 3}