{"batch_size": 16, "depth": 5, "dropout": 0.1855435520590123, "ffn_hidden_size": 1694, "ffn_num_layers": 2, "final_lr": 6.019138932001461e-08, "hidden_size": 1799, "init_lr": 1.0054784479503104e-05, "max_lr": 2.3800232619322197e-05, "warmup_epochs": 4}