{"batch_size": 33, "depth": 2, "dropout": 0.14576039561138593, "ffn_hidden_size": 1528, "ffn_num_layers": 2, "final_lr": 0.0006651668652637174, "hidden_size": 1667, "init_lr": 5.379260594492213e-05, "max_lr": 0.001, "warmup_epochs": 4}