{"batch_size": 69, "depth": 3, "dropout": 0.15231177675304078, "ffn_hidden_size": 2235, "ffn_num_layers": 1, "final_lr": 1.0532441510108123e-05, "hidden_size": 1288, "init_lr": 1.6034279368144645e-05, "max_lr": 0.0008201424938333995, "warmup_epochs": 4}