{"batch_size": 10, "depth": 4, "dropout": 0.08121163400627819, "ffn_hidden_size": 678, "ffn_num_layers": 3, "final_lr": 7.690851766205797e-05, "hidden_size": 2375, "init_lr": 1.6391749139290125e-05, "max_lr": 0.0003449190834194624, "warmup_epochs": 3}