{"batch_size": 10, "depth": 5, "dropout": 0.22766276149916523, "ffn_hidden_size": 1529, "ffn_num_layers": 3, "final_lr": 1.1663155953416024e-05, "hidden_size": 2400, "init_lr": 0.0003139815618982559, "max_lr": 0.00031708615051225935, "warmup_epochs": 6}