{"batch_size": 100, "depth": 6, "dropout": 0.4, "ffn_hidden_size": 2400, "ffn_num_layers": 2, "final_lr": 0.00016353175858150798, "hidden_size": 2394, "init_lr": 1.3959525784046768e-06, "max_lr": 0.00016353175858150798, "warmup_epochs": 3}