{"batch_size": 21, "depth": 6, "dropout": 0.3959171398751746, "ffn_hidden_size": 2400, "ffn_num_layers": 3, "final_lr": 4.750362711622369e-05, "hidden_size": 1861, "init_lr": 0.0006783188442399831, "max_lr": 0.0006808956423465811, "warmup_epochs": 2}