{"batch_size": 71, "depth": 6, "dropout": 0.27621504934440494, "ffn_hidden_size": 615, "ffn_num_layers": 3, "final_lr": 2.0074492548869797e-07, "hidden_size": 621, "init_lr": 5.6898772171163844e-08, "max_lr": 7.566218357044928e-07, "warmup_epochs": 6}