{"batch_size": 62, "depth": 5, "dropout": 0.04553279933555263, "ffn_hidden_size": 1482, "ffn_num_layers": 3, "final_lr": 3.591053112913295e-05, "hidden_size": 2389, "init_lr": 1.918891255532974e-06, "max_lr": 0.0004243000747105258, "warmup_epochs": 5}