{"batch_size": 10, "depth": 6, "dropout": 0.0, "ffn_hidden_size": 2400, "ffn_num_layers": 3, "final_lr": 7.056271273187994e-05, "hidden_size": 2382, "init_lr": 3.4170829612926736e-07, "max_lr": 0.00034170829612926735, "warmup_epochs": 3}