{"batch_size": 20, "depth": 6, "dropout": 0.15597797000323207, "ffn_hidden_size": 1061, "ffn_num_layers": 2, "final_lr": 0.0002442302529686176, "hidden_size": 2394, "init_lr": 4.31962015927912e-05, "max_lr": 0.0002477343731649819, "warmup_epochs": 6}