{"batch_size": 49, "depth": 3, "dropout": 0.17675013788175487, "ffn_hidden_size": 1695, "ffn_num_layers": 3, "final_lr": 3.901508689971114e-06, "hidden_size": 1650, "init_lr": 5.209805228124234e-07, "max_lr": 0.00030621142558777994, "warmup_epochs": 4}