{"batch_size": 28, "depth": 6, "dropout": 0.18167260595280138, "ffn_hidden_size": 2136, "ffn_num_layers": 3, "final_lr": 3.45586671132302e-09, "hidden_size": 1285, "init_lr": 5.6468831761075405e-08, "max_lr": 1.301289578720042e-07, "warmup_epochs": 6}