{"batch_size": 67, "depth": 4, "dropout": 0.005318000923538665, "ffn_hidden_size": 1069, "ffn_num_layers": 1, "final_lr": 1.2778216120275908e-05, "hidden_size": 1941, "init_lr": 4.69244079040848e-05, "max_lr": 0.0008537117469359526, "warmup_epochs": 3}