{"batch_size": 36, "depth": 6, "dropout": 0.34516232139084324, "ffn_hidden_size": 775, "ffn_num_layers": 2, "final_lr": 1.643466913708672e-09, "hidden_size": 846, "init_lr": 3.1674775806591904e-09, "max_lr": 2.1417427919554373e-07, "warmup_epochs": 6}