{"batch_size": 18, "depth": 6, "dropout": 0.08699694066727981, "ffn_hidden_size": 1335, "ffn_num_layers": 2, "final_lr": 0.00027354005760693215, "hidden_size": 1238, "init_lr": 3.775264212132477e-06, "max_lr": 0.0002792581842672987, "warmup_epochs": 2}