{"batch_size": 10, "depth": 3, "dropout": 0.06899392446760295, "ffn_hidden_size": 2312, "ffn_num_layers": 3, "final_lr": 9.751805843461164e-05, "hidden_size": 1540, "init_lr": 4.093624318390319e-07, "max_lr": 0.0004093624318390319, "warmup_epochs": 6}