{"batch_size": 75, "depth": 5, "dropout": 0.3242193007257728, "ffn_hidden_size": 2243, "ffn_num_layers": 2, "final_lr": 0.00018815331810886798, "hidden_size": 1755, "init_lr": 5.835580759833429e-05, "max_lr": 0.00019164663269038626, "warmup_epochs": 2}