{"batch_size": 70, "depth": 3, "dropout": 0.3008804785334143, "ffn_hidden_size": 1520, "ffn_num_layers": 3, "final_lr": 0.0004241584903570773, "hidden_size": 1522, "init_lr": 8.42097729562659e-05, "max_lr": 0.001, "warmup_epochs": 4}