{"batch_size": 38, "depth": 4, "dropout": 0.22480440972062327, "ffn_hidden_size": 2375, "ffn_num_layers": 3, "final_lr": 3.006006218448356e-05, "hidden_size": 1999, "init_lr": 3.2965193200411336e-07, "max_lr": 8.012689212648869e-05, "warmup_epochs": 5}