{"batch_size": 66, "depth": 5, "dropout": 0.19373492654724472, "ffn_hidden_size": 1353, "ffn_num_layers": 2, "final_lr": 6.79929042973306e-05, "hidden_size": 1573, "init_lr": 0.00016214991488556327, "max_lr": 0.0009914392231944475, "warmup_epochs": 2}