{"batch_size": 86, "depth": 3, "dropout": 0.18422090211576675, "ffn_hidden_size": 632, "ffn_num_layers": 2, "final_lr": 1.8584570725347845e-07, "hidden_size": 2217, "init_lr": 2.5073770145307542e-09, "max_lr": 1.307289450173195e-06, "warmup_epochs": 4}