{"batch_size": 22, "depth": 3, "dropout": 0.20457811369301154, "ffn_hidden_size": 1922, "ffn_num_layers": 2, "final_lr": 2.234253162496087e-06, "hidden_size": 510, "init_lr": 1.1026567818236453e-07, "max_lr": 7.144974229838109e-06, "warmup_epochs": 3}