{"batch_size": 29, "depth": 6, "dropout": 0.006048268461155705, "ffn_hidden_size": 2340, "ffn_num_layers": 2, "final_lr": 0.0001771644781411066, "hidden_size": 2155, "init_lr": 1.3085820378091005e-05, "max_lr": 0.0001771644781411066, "warmup_epochs": 4}