{"batch_size": 61, "depth": 4, "dropout": 0.23099348069728637, "ffn_hidden_size": 1214, "ffn_num_layers": 3, "final_lr": 0.00011129185554338046, "hidden_size": 1456, "init_lr": 0.00014541293079084445, "max_lr": 0.0005116922435395622, "warmup_epochs": 5}