{"batch_size": 61, "depth": 5, "dropout": 0.06521710805662599, "ffn_hidden_size": 719, "ffn_num_layers": 1, "final_lr": 1.3978279998750394e-05, "hidden_size": 2400, "init_lr": 4.941335141860509e-06, "max_lr": 0.000876722356658105, "warmup_epochs": 5}