{"batch_size": 15, "depth": 3, "dropout": 0.0006706846200623447, "ffn_hidden_size": 575, "ffn_num_layers": 3, "final_lr": 3.1107508231070244e-05, "hidden_size": 2046, "init_lr": 3.3805900757520567e-07, "max_lr": 0.0002589251186536617, "warmup_epochs": 3}