{"batch_size": 12, "depth": 2, "dropout": 0.13069076383501513, "ffn_hidden_size": 1820, "ffn_num_layers": 2, "final_lr": 1.245422799069402e-07, "hidden_size": 523, "init_lr": 2.79614156688599e-07, "max_lr": 4.154131979800979e-05, "warmup_epochs": 6}