{"batch_size": 23, "depth": 3, "dropout": 0.39414074872638566, "ffn_hidden_size": 1722, "ffn_num_layers": 2, "final_lr": 0.0004964917709825915, "hidden_size": 835, "init_lr": 2.0238478777585125e-05, "max_lr": 0.0007602121942356156, "warmup_epochs": 6}