{"batch_size": 46, "depth": 6, "dropout": 0.2795549351273253, "ffn_hidden_size": 2245, "ffn_num_layers": 2, "final_lr": 0.0001836980363096875, "hidden_size": 1907, "init_lr": 1.208148399786833e-05, "max_lr": 0.0001836980363096875, "warmup_epochs": 4}