{"batch_size": 95, "depth": 5, "dropout": 0.0, "ffn_hidden_size": 779, "ffn_num_layers": 2, "final_lr": 2.383005136496324e-06, "hidden_size": 420, "init_lr": 7.748452725778423e-06, "max_lr": 0.00016207427410582114, "warmup_epochs": 2}