{"batch_size": 53, "depth": 3, "dropout": 0.3490310358163432, "ffn_hidden_size": 852, "ffn_num_layers": 1, "final_lr": 1.3641924064590734e-06, "hidden_size": 420, "init_lr": 1.630384076978493e-07, "max_lr": 8.238600292743471e-05, "warmup_epochs": 5}