{"batch_size": 10, "depth": 3, "dropout": 0.16885632603676132, "ffn_hidden_size": 2197, "ffn_num_layers": 2, "final_lr": 4.072838569346259e-05, "hidden_size": 2373, "init_lr": 8.794333386686707e-07, "max_lr": 0.0001870586163751506, "warmup_epochs": 3}