{"batch_size": 37, "depth": 5, "dropout": 0.32997651206814427, "ffn_hidden_size": 776, "ffn_num_layers": 3, "final_lr": 0.00018963159768894448, "hidden_size": 2269, "init_lr": 4.081564507730503e-05, "max_lr": 0.00018963159768894448, "warmup_epochs": 5}