{"batch_size": 24, "depth": 4, "dropout": 0.21260781359917566, "ffn_hidden_size": 2371, "ffn_num_layers": 3, "final_lr": 3.0060062184483576e-05, "hidden_size": 1413, "init_lr": 4.5590634363468764e-07, "max_lr": 8.012689212648873e-05, "warmup_epochs": 4}