{"batch_size": 47, "depth": 5, "dropout": 0.044131454876572204, "ffn_hidden_size": 1844, "ffn_num_layers": 3, "final_lr": 1.1488115521798457e-05, "hidden_size": 1078, "init_lr": 2.792206256292286e-05, "max_lr": 0.001, "warmup_epochs": 5}