{"batch_size": 40, "depth": 5, "dropout": 0.14466581747127485, "ffn_hidden_size": 2386, "ffn_num_layers": 3, "final_lr": 0.0002929973636398439, "hidden_size": 2389, "init_lr": 1.1192594536858783e-05, "max_lr": 0.001, "warmup_epochs": 3}