{"batch_size": 99, "depth": 3, "dropout": 0.17821771183968596, "ffn_hidden_size": 2400, "ffn_num_layers": 3, "final_lr": 0.0008439826565575678, "hidden_size": 2396, "init_lr": 0.0006413405970025456, "max_lr": 0.0008439826565575678, "warmup_epochs": 4}