{"batch_size": 96, "depth": 2, "dropout": 0.3198164436103983, "ffn_hidden_size": 558, "ffn_num_layers": 3, "final_lr": 4.482785646889282e-07, "hidden_size": 323, "init_lr": 1.6934736969632295e-08, "max_lr": 2.7741729560781144e-06, "warmup_epochs": 4}