{"batch_size": 76, "depth": 3, "dropout": 0.009043049162781125, "ffn_hidden_size": 1248, "ffn_num_layers": 3, "final_lr": 2.9903625528278596e-10, "hidden_size": 1534, "init_lr": 6.538776587897618e-10, "max_lr": 2.487600731472704e-08, "warmup_epochs": 4}