{"batch_size": 73, "depth": 3, "dropout": 0.0, "ffn_hidden_size": 854, "ffn_num_layers": 3, "final_lr": 8.568442131481083e-05, "hidden_size": 2400, "init_lr": 2.518357020837013e-05, "max_lr": 0.0007563094690882481, "warmup_epochs": 3}