{"batch_size": 49, "depth": 3, "dropout": 0.09276074168807177, "ffn_hidden_size": 2095, "ffn_num_layers": 3, "final_lr": 3.5639957007700975e-06, "hidden_size": 1489, "init_lr": 6.26557461135012e-07, "max_lr": 0.00030621142558777994, "warmup_epochs": 4}