{
    "batch_size": 10,
    "depth": 6,
    "dropout": 0.0,
    "ffn_hidden_size": 401,
    "ffn_num_layers": 3,
    "final_lr": 8.431707147500652e-05,
    "hidden_size": 1200,
    "init_lr": 7.067348445321337e-06,
    "max_lr": 0.00042497908052885206,
    "warmup_epochs": 6
}