{"batch_size": 10, "depth": 4, "dropout": 0.008763781234163343, "ffn_hidden_size": 1723, "ffn_num_layers": 3, "final_lr": 0.00027823150359226775, "hidden_size": 1543, "init_lr": 8.974626972528519e-06, "max_lr": 0.00027823150359226775, "warmup_epochs": 5}