{"batch_size": 11, "depth": 5, "dropout": 0.19612998865323245, "ffn_hidden_size": 1823, "ffn_num_layers": 3, "final_lr": 3.330921094789839e-05, "hidden_size": 1543, "init_lr": 8.749957829669942e-05, "max_lr": 0.00020171471113628877, "warmup_epochs": 5}