{"batch_size": 64, "depth": 4, "dropout": 0.14404604463746085, "ffn_hidden_size": 2338, "ffn_num_layers": 3, "final_lr": 4.2307535434352715e-06, "hidden_size": 1753, "init_lr": 5.4451194917648934e-05, "max_lr": 0.0006042226782788774, "warmup_epochs": 3}