{"batch_size": 48, "depth": 5, "dropout": 0.13924205616325985, "ffn_hidden_size": 1634, "ffn_num_layers": 3, "final_lr": 0.00015319613474284346, "hidden_size": 1481, "init_lr": 0.00015319613474284346, "max_lr": 0.00015319613474284346, "warmup_epochs": 2}