{"batch_size": 85, "depth": 5, "dropout": 0.11993324221375763, "ffn_hidden_size": 2088, "ffn_num_layers": 2, "final_lr": 0.0003570143179825334, "hidden_size": 2400, "init_lr": 0.00044952075081002653, "max_lr": 0.00044952075081002653, "warmup_epochs": 3}