{"batch_size": 89, "depth": 3, "dropout": 0.009147340952597498, "ffn_hidden_size": 538, "ffn_num_layers": 1, "final_lr": 2.2498314916170786e-09, "hidden_size": 1850, "init_lr": 1.2355892175276458e-09, "max_lr": 4.3899701268597466e-08, "warmup_epochs": 2}