{"batch_size": 16, "depth": 5, "dropout": 0.19382290901298166, "ffn_hidden_size": 1228, "ffn_num_layers": 1, "final_lr": 1.2964194596535775e-11, "hidden_size": 1623, "init_lr": 3.692308744287709e-11, "max_lr": 1.2753184350757706e-08, "warmup_epochs": 4}