{"batch_size": 38, "depth": 6, "dropout": 0.38741870556870717, "ffn_hidden_size": 1111, "ffn_num_layers": 1, "final_lr": 2.2775648631527725e-05, "hidden_size": 1752, "init_lr": 4.550063217081855e-05, "max_lr": 7.61388586409037e-05, "warmup_epochs": 5}