{"batch_size": 10, "depth": 4, "dropout": 0.1336472320835116, "ffn_hidden_size": 2392, "ffn_num_layers": 2, "final_lr": 5.5290686137218495e-05, "hidden_size": 2391, "init_lr": 1.6736382971362e-06, "max_lr": 0.00023562476648110009, "warmup_epochs": 3}