{"batch_size": 10, "depth": 4, "dropout": 0.16650576749071375, "ffn_hidden_size": 2176, "ffn_num_layers": 3, "final_lr": 2.8046076321478223e-05, "hidden_size": 2400, "init_lr": 9.37896236666781e-06, "max_lr": 0.00013361889534105586, "warmup_epochs": 4}