{"batch_size": 78, "depth": 6, "dropout": 0.0, "ffn_hidden_size": 2372, "ffn_num_layers": 2, "final_lr": 0.00016352882197525023, "hidden_size": 1913, "init_lr": 3.75710072164187e-06, "max_lr": 0.0004382920791126493, "warmup_epochs": 5}