{"batch_size": 97, "depth": 5, "dropout": 0.21393308967648758, "ffn_hidden_size": 869, "ffn_num_layers": 2, "final_lr": 0.0001788545478152534, "hidden_size": 1919, "init_lr": 4.359309751967183e-05, "max_lr": 0.0008708205586379834, "warmup_epochs": 4}