{"batch_size": 33, "depth": 5, "dropout": 0.3849324243987013, "ffn_hidden_size": 1429, "ffn_num_layers": 2, "final_lr": 0.0001396270825224947, "hidden_size": 2130, "init_lr": 0.0003348147640663349, "max_lr": 0.0005609403842113964, "warmup_epochs": 3}