{"batch_size": 60, "depth": 4, "dropout": 0.030057115693049537, "ffn_hidden_size": 2299, "ffn_num_layers": 3, "final_lr": 2.3746138702055137e-05, "hidden_size": 2396, "init_lr": 4.1885873008504825e-05, "max_lr": 0.000777325665695501, "warmup_epochs": 5}