{"batch_size": 51, "depth": 4, "dropout": 0.28621864138744474, "ffn_hidden_size": 1666, "ffn_num_layers": 3, "final_lr": 6.916693836458705e-10, "hidden_size": 2354, "init_lr": 8.601294941235142e-11, "max_lr": 4.348327059638091e-08, "warmup_epochs": 2}