{"batch_size": 16, "depth": 5, "dropout": 0.06214992627453682, "ffn_hidden_size": 1311, "ffn_num_layers": 3, "final_lr": 2.7592789487602986e-08, "hidden_size": 472, "init_lr": 4.297847473021821e-07, "max_lr": 3.0878379595061374e-06, "warmup_epochs": 5}