{"batch_size": 57, "depth": 2, "dropout": 0.08092762539673619, "ffn_hidden_size": 912, "ffn_num_layers": 3, "final_lr": 0.0005618857144228617, "hidden_size": 1729, "init_lr": 3.4147985958939933e-06, "max_lr": 0.0009008716914231548, "warmup_epochs": 6}