{"batch_size": 32, "depth": 4, "dropout": 0.2044256549385704, "ffn_hidden_size": 2395, "ffn_num_layers": 3, "final_lr": 4.3811275728689065e-05, "hidden_size": 1885, "init_lr": 4.876600199886929e-07, "max_lr": 8.014653274808714e-05, "warmup_epochs": 5}