{"batch_size": 34, "depth": 3, "dropout": 0.3932731211501166, "ffn_hidden_size": 2225, "ffn_num_layers": 2, "final_lr": 8.378030017339523e-08, "hidden_size": 1639, "init_lr": 3.77844981319892e-08, "max_lr": 1.341387568169074e-06, "warmup_epochs": 4}