{"batch_size": 58, "depth": 6, "dropout": 0.16714770075162583, "ffn_hidden_size": 1841, "ffn_num_layers": 3, "final_lr": 0.000298478071124589, "hidden_size": 2226, "init_lr": 3.28938131157442e-06, "max_lr": 0.000298478071124589, "warmup_epochs": 3}