{"batch_size": 82, "depth": 3, "dropout": 0.09556842192072335, "ffn_hidden_size": 1542, "ffn_num_layers": 3, "final_lr": 1.442863674333524e-05, "hidden_size": 2400, "init_lr": 5.5628317932421435e-05, "max_lr": 0.0008295036732395305, "warmup_epochs": 5}