{"batch_size": 30, "depth": 5, "dropout": 0.25907971600642504, "ffn_hidden_size": 300, "ffn_num_layers": 3, "final_lr": 0.0008357629515408651, "hidden_size": 1492, "init_lr": 8.47265560363853e-07, "max_lr": 0.0008357629515408651, "warmup_epochs": 6}