{"batch_size": 26, "depth": 3, "dropout": 0.3988442670758141, "ffn_hidden_size": 2090, "ffn_num_layers": 2, "final_lr": 1.525282647754006e-09, "hidden_size": 1998, "init_lr": 8.868888964466001e-11, "max_lr": 2.991312093529542e-08, "warmup_epochs": 4}