{"batch_size": 10, "depth": 2, "dropout": 0.06519773476661792, "ffn_hidden_size": 1851, "ffn_num_layers": 2, "final_lr": 0.0004920081104424891, "hidden_size": 2341, "init_lr": 0.0005004222203247501, "max_lr": 0.0005004222203247501, "warmup_epochs": 6}