{"batch_size": 10, "depth": 6, "dropout": 0.12874047180996154, "ffn_hidden_size": 652, "ffn_num_layers": 2, "final_lr": 2.2754034820851683e-06, "hidden_size": 1167, "init_lr": 4.222276208404863e-06, "max_lr": 7.548846104346131e-05, "warmup_epochs": 3}