{"batch_size": 30, "depth": 4, "dropout": 0.23366914879825704, "ffn_hidden_size": 1967, "ffn_num_layers": 3, "final_lr": 3.006006218448356e-05, "hidden_size": 1724, "init_lr": 3.8727492889768524e-07, "max_lr": 8.012689212648869e-05, "warmup_epochs": 4}