{"batch_size": 26, "depth": 4, "dropout": 0.0, "ffn_hidden_size": 525, "ffn_num_layers": 3, "final_lr": 7.452217825786164e-05, "hidden_size": 968, "init_lr": 0.00013477907336324142, "max_lr": 0.00028413454630618287, "warmup_epochs": 4}