{"batch_size": 25, "depth": 4, "dropout": 0.1921747013914903, "ffn_hidden_size": 683, "ffn_num_layers": 1, "final_lr": 1.6042842521019978e-05, "hidden_size": 404, "init_lr": 4.376106235461482e-05, "max_lr": 0.0002736290633877288, "warmup_epochs": 4}