{"batch_size": 69, "depth": 4, "dropout": 0.0, "ffn_hidden_size": 2020, "ffn_num_layers": 3, "final_lr": 0.0002191671235588317, "hidden_size": 1320, "init_lr": 2.803613450594426e-05, "max_lr": 0.00032632795269633296, "warmup_epochs": 3}