{"batch_size": 62, "depth": 5, "dropout": 0.09432205792121928, "ffn_hidden_size": 300, "ffn_num_layers": 3, "final_lr": 0.0004487380880346413, "hidden_size": 2400, "init_lr": 5.430711607581498e-07, "max_lr": 0.0004765444731669715, "warmup_epochs": 6}