{"batch_size": 52, "depth": 5, "dropout": 0.02333361539995018, "ffn_hidden_size": 957, "ffn_num_layers": 2, "final_lr": 9.33071171841077e-05, "hidden_size": 2099, "init_lr": 3.486794328490739e-05, "max_lr": 0.00048232183959562546, "warmup_epochs": 3}