{"batch_size": 92, "depth": 5, "dropout": 0.020416792909939998, "ffn_hidden_size": 1320, "ffn_num_layers": 2, "final_lr": 3.607880242007058e-05, "hidden_size": 1787, "init_lr": 3.167358083066288e-07, "max_lr": 0.0002669764534510874, "warmup_epochs": 6}