{"batch_size": 100, "depth": 2, "dropout": 0.2534177824936017, "ffn_hidden_size": 1857, "ffn_num_layers": 3, "final_lr": 0.0008213708272749366, "hidden_size": 1625, "init_lr": 0.001, "max_lr": 0.001, "warmup_epochs": 5}