{"batch_size": 43, "depth": 3, "dropout": 0.022138425037844044, "ffn_hidden_size": 1751, "ffn_num_layers": 3, "final_lr": 0.0001246857691091949, "hidden_size": 2400, "init_lr": 0.00026374150250763105, "max_lr": 0.0008386480856862913, "warmup_epochs": 3}