{"batch_size": 10, "depth": 3, "dropout": 0.18510490802035834, "ffn_hidden_size": 2400, "ffn_num_layers": 3, "final_lr": 4.058350236900016e-05, "hidden_size": 2399, "init_lr": 3.4711987503832736e-07, "max_lr": 0.00020711592071353646, "warmup_epochs": 3}