{"batch_size": 10, "depth": 4, "dropout": 0.002310156011493508, "ffn_hidden_size": 1722, "ffn_num_layers": 3, "final_lr": 7.496299875293763e-06, "hidden_size": 2391, "init_lr": 8.589274728388226e-06, "max_lr": 0.0002994532732309934, "warmup_epochs": 3}