{"batch_size": 78, "depth": 3, "dropout": 0.18715695822396453, "ffn_hidden_size": 2394, "ffn_num_layers": 1, "final_lr": 1.9271187312216646e-08, "hidden_size": 2165, "init_lr": 4.655689734151222e-07, "max_lr": 2.964381377637818e-06, "warmup_epochs": 2}