{"batch_size": 71, "depth": 3, "dropout": 0.2864464997933465, "ffn_hidden_size": 300, "ffn_num_layers": 1, "final_lr": 0.00020114232319002026, "hidden_size": 1179, "init_lr": 1.349753160065878e-06, "max_lr": 0.000287833099170143, "warmup_epochs": 3}