{"batch_size": 93, "depth": 5, "dropout": 0.11669560222684794, "ffn_hidden_size": 1135, "ffn_num_layers": 1, "final_lr": 2.08953436462541e-06, "hidden_size": 499, "init_lr": 9.02695461708801e-06, "max_lr": 0.00016207427410582114, "warmup_epochs": 3}