{"batch_size": 75, "depth": 5, "dropout": 0.016646242469026618, "ffn_hidden_size": 1096, "ffn_num_layers": 3, "final_lr": 0.00019537488274369298, "hidden_size": 1884, "init_lr": 5.054821633095723e-06, "max_lr": 0.0007969267373013316, "warmup_epochs": 2}