{"batch_size": 34, "depth": 4, "dropout": 0.3844657730614821, "ffn_hidden_size": 1483, "ffn_num_layers": 2, "final_lr": 0.0005456842157856178, "hidden_size": 847, "init_lr": 1.5414578310294182e-05, "max_lr": 0.0007602121942356156, "warmup_epochs": 6}