{"batch_size": 50, "depth": 3, "dropout": 0.4, "ffn_hidden_size": 1738, "ffn_num_layers": 2, "final_lr": 0.0007602121942356156, "hidden_size": 798, "init_lr": 1.72299355963899e-05, "max_lr": 0.0007602121942356156, "warmup_epochs": 6}