{"batch_size": 10, "depth": 5, "dropout": 0.24349025634689073, "ffn_hidden_size": 1747, "ffn_num_layers": 3, "final_lr": 1.6674415720844968e-06, "hidden_size": 1850, "init_lr": 5.328492716889574e-06, "max_lr": 0.00020272881115801364, "warmup_epochs": 6}