{"batch_size": 19, "depth": 4, "dropout": 0.06060537573872485, "ffn_hidden_size": 676, "ffn_num_layers": 1, "final_lr": 3.958577481209205e-06, "hidden_size": 461, "init_lr": 3.4991349254202306e-07, "max_lr": 1.7475954468235203e-05, "warmup_epochs": 2}