{"batch_size": 19, "depth": 5, "dropout": 0.07035266744033968, "ffn_hidden_size": 1874, "ffn_num_layers": 3, "final_lr": 5.23771160664222e-07, "hidden_size": 1262, "init_lr": 4.9696188933295725e-06, "max_lr": 0.00011677825461501218, "warmup_epochs": 3}