{"batch_size": 56, "depth": 2, "dropout": 0.21637098792296688, "ffn_hidden_size": 2368, "ffn_num_layers": 2, "final_lr": 0.0009019822600800583, "hidden_size": 1493, "init_lr": 9.889252382321268e-06, "max_lr": 0.0009019822600800583, "warmup_epochs": 3}