{"batch_size": 75, "depth": 4, "dropout": 0.10943845112415612, "ffn_hidden_size": 883, "ffn_num_layers": 3, "final_lr": 0.00012586603339631794, "hidden_size": 1814, "init_lr": 4.061906032148176e-06, "max_lr": 0.0006069782089115912, "warmup_epochs": 6}