{"batch_size": 58, "depth": 5, "dropout": 0.0, "ffn_hidden_size": 1578, "ffn_num_layers": 3, "final_lr": 0.00010067229991536194, "hidden_size": 1098, "init_lr": 6.404207458359212e-06, "max_lr": 0.0004998392408494325, "warmup_epochs": 2}