{"batch_size": 12, "depth": 5, "dropout": 0.12648571451416288, "ffn_hidden_size": 1381, "ffn_num_layers": 3, "final_lr": 6.184947657539229e-07, "hidden_size": 1722, "init_lr": 1.8217132662089527e-05, "max_lr": 0.0005101570365332671, "warmup_epochs": 4}