{"batch_size": 66, "depth": 5, "dropout": 0.09500377440880495, "ffn_hidden_size": 720, "ffn_num_layers": 2, "final_lr": 1.4280967491914178e-05, "hidden_size": 2294, "init_lr": 5.416235471020634e-06, "max_lr": 0.000876722356658105, "warmup_epochs": 6}