{"batch_size": 27, "depth": 4, "dropout": 0.13105100068139713, "ffn_hidden_size": 300, "ffn_num_layers": 3, "final_lr": 3.9424890032316545e-05, "hidden_size": 2367, "init_lr": 1e-06, "max_lr": 0.001, "warmup_epochs": 5}