{"batch_size": 84, "depth": 2, "dropout": 0.14268900869284867, "ffn_hidden_size": 857, "ffn_num_layers": 3, "final_lr": 9.132041363824174e-08, "hidden_size": 2001, "init_lr": 8.699147383844014e-10, "max_lr": 3.990452649458891e-07, "warmup_epochs": 6}