{"batch_size": 42, "depth": 5, "dropout": 0.010288354853590847, "ffn_hidden_size": 2159, "ffn_num_layers": 3, "final_lr": 0.0001044559452262981, "hidden_size": 1045, "init_lr": 0.0002601648217726797, "max_lr": 0.0002774323816848974, "warmup_epochs": 6}