{"batch_size": 71, "depth": 4, "dropout": 0.23490223682250408, "ffn_hidden_size": 498, "ffn_num_layers": 2, "final_lr": 3.812229763584905e-08, "hidden_size": 672, "init_lr": 9.96783784156033e-08, "max_lr": 2.814988620667051e-06, "warmup_epochs": 5}