{"batch_size": 11, "depth": 4, "dropout": 0.3491899400416448, "ffn_hidden_size": 2400, "ffn_num_layers": 3, "final_lr": 7.728017536661899e-05, "hidden_size": 2387, "init_lr": 2.7642127315146096e-06, "max_lr": 8.974271855366505e-05, "warmup_epochs": 4}