{"batch_size": 10, "depth": 4, "dropout": 0.22768605990356283, "ffn_hidden_size": 1314, "ffn_num_layers": 3, "final_lr": 2.548651202180593e-06, "hidden_size": 1598, "init_lr": 0.0007730645967066679, "max_lr": 0.0007730645967066679, "warmup_epochs": 5}