{"batch_size": 10, "depth": 4, "dropout": 0.14986945251542613, "ffn_hidden_size": 2121, "ffn_num_layers": 3, "final_lr": 9.809246293847042e-06, "hidden_size": 2040, "init_lr": 2.88771070233935e-07, "max_lr": 0.000288771070233935, "warmup_epochs": 6}