{"batch_size": 46, "depth": 6, "dropout": 0.13681966977185497, "ffn_hidden_size": 1071, "ffn_num_layers": 3, "final_lr": 0.0005916138345277918, "hidden_size": 1464, "init_lr": 0.0005731491988061158, "max_lr": 0.0005916138345277918, "warmup_epochs": 3}