{"batch_size": 57, "depth": 4, "dropout": 0.019974526454203723, "ffn_hidden_size": 388, "ffn_num_layers": 3, "final_lr": 8.204703104366586e-07, "hidden_size": 396, "init_lr": 8.804215997832014e-07, "max_lr": 4.0337797120432165e-05, "warmup_epochs": 5}