{"batch_size": 10, "depth": 6, "dropout": 0.0, "ffn_hidden_size": 2394, "ffn_num_layers": 3, "final_lr": 6.178818946421825e-05, "hidden_size": 1609, "init_lr": 9.417197864484557e-06, "max_lr": 0.0002898029366476231, "warmup_epochs": 4}