{"batch_size": 16, "depth": 6, "dropout": 0.06981989815482123, "ffn_hidden_size": 1160, "ffn_num_layers": 3, "final_lr": 3.509110298225795e-05, "hidden_size": 2399, "init_lr": 1.8386813651052275e-05, "max_lr": 0.00019480919058201084, "warmup_epochs": 5}