{"batch_size": 10, "depth": 3, "dropout": 0.01638530478573946, "ffn_hidden_size": 1129, "ffn_num_layers": 2, "final_lr": 2.241218943653845e-07, "hidden_size": 1588, "init_lr": 6.118066211797441e-07, "max_lr": 0.00017321470137823187, "warmup_epochs": 5}