{"batch_size": 41, "depth": 6, "dropout": 0.062280670436390614, "ffn_hidden_size": 300, "ffn_num_layers": 3, "final_lr": 0.001, "hidden_size": 1526, "init_lr": 3.587047046750327e-05, "max_lr": 0.001, "warmup_epochs": 2}