{"batch_size": 43, "depth": 3, "dropout": 0.1641396852533962, "ffn_hidden_size": 699, "ffn_num_layers": 2, "final_lr": 0.0002937434560408842, "hidden_size": 2033, "init_lr": 7.642014051731903e-07, "max_lr": 0.0006283382519848886, "warmup_epochs": 4}