{"batch_size": 34, "depth": 3, "dropout": 0.3210448543988497, "ffn_hidden_size": 1740, "ffn_num_layers": 2, "final_lr": 0.0007605895383857533, "hidden_size": 874, "init_lr": 1.1250637994708158e-05, "max_lr": 0.0007605895383857533, "warmup_epochs": 6}