{"batch_size": 18, "depth": 4, "dropout": 0.2521702131491511, "ffn_hidden_size": 2244, "ffn_num_layers": 3, "final_lr": 2.351181363946647e-05, "hidden_size": 1626, "init_lr": 3.8525193533094214e-07, "max_lr": 8.012689212648869e-05, "warmup_epochs": 5}