{"batch_size": 46, "depth": 4, "dropout": 0.37791353514159676, "ffn_hidden_size": 1790, "ffn_num_layers": 2, "final_lr": 9.589651150646775e-05, "hidden_size": 1825, "init_lr": 2.3509114118248537e-05, "max_lr": 0.000522743613824933, "warmup_epochs": 3}