{"batch_size": 38, "depth": 5, "dropout": 0.05802632388759405, "ffn_hidden_size": 942, "ffn_num_layers": 2, "final_lr": 0.0006281717821059808, "hidden_size": 1912, "init_lr": 0.0006281717821059808, "max_lr": 0.0006281717821059808, "warmup_epochs": 6}