{"batch_size": 63, "depth": 2, "dropout": 0.29238016642862624, "ffn_hidden_size": 2400, "ffn_num_layers": 2, "final_lr": 1.4021710738317948e-05, "hidden_size": 2103, "init_lr": 5.993754788764182e-07, "max_lr": 0.00043967184028631545, "warmup_epochs": 3}