{"batch_size": 10, "depth": 6, "dropout": 0.35063028916805106, "ffn_hidden_size": 1618, "ffn_num_layers": 2, "final_lr": 9.420264554299437e-06, "hidden_size": 1349, "init_lr": 0.0003497203242115775, "max_lr": 0.0005181455583489979, "warmup_epochs": 4}