{"batch_size": 57, "depth": 3, "dropout": 0.28215285219961245, "ffn_hidden_size": 2009, "ffn_num_layers": 3, "final_lr": 2.5444916182904925e-07, "hidden_size": 2118, "init_lr": 4.4720506372347474e-05, "max_lr": 0.00024816790112452454, "warmup_epochs": 2}