{"batch_size": 10, "depth": 4, "dropout": 0.01964095594859582, "ffn_hidden_size": 1879, "ffn_num_layers": 3, "final_lr": 8.317294169124988e-05, "hidden_size": 2400, "init_lr": 8.96511578945503e-08, "max_lr": 8.96511578945503e-05, "warmup_epochs": 3}