{"batch_size": 76, "depth": 4, "dropout": 0.14936054584628258, "ffn_hidden_size": 1943, "ffn_num_layers": 3, "final_lr": 9.484847838463851e-05, "hidden_size": 2219, "init_lr": 1.2954400144485427e-05, "max_lr": 0.0005194188169515429, "warmup_epochs": 4}