{"batch_size": 10, "depth": 5, "dropout": 0.06271554103078426, "ffn_hidden_size": 1436, "ffn_num_layers": 3, "final_lr": 0.00013231680900115093, "hidden_size": 1881, "init_lr": 6.097556068607705e-06, "max_lr": 0.00018369467962930531, "warmup_epochs": 3}