{"batch_size": 92, "depth": 4, "dropout": 0.2901679356613828, "ffn_hidden_size": 303, "ffn_num_layers": 2, "final_lr": 2.1649888065741565e-06, "hidden_size": 1438, "init_lr": 2.756681612146709e-05, "max_lr": 4.017799039002754e-05, "warmup_epochs": 5}