{"batch_size": 29, "depth": 4, "dropout": 0.3154552606009831, "ffn_hidden_size": 2017, "ffn_num_layers": 3, "final_lr": 2.0537464981570393e-06, "hidden_size": 1999, "init_lr": 4.943178543966225e-06, "max_lr": 0.00020272881115801364, "warmup_epochs": 6}