{"batch_size": 33, "depth": 5, "dropout": 0.0, "ffn_hidden_size": 1403, "ffn_num_layers": 3, "final_lr": 8.196413610201718e-07, "hidden_size": 1641, "init_lr": 0.0003395283509112462, "max_lr": 0.0003395283509112462, "warmup_epochs": 6}