{"batch_size": 38, "depth": 3, "dropout": 0.08966882317527727, "ffn_hidden_size": 1749, "ffn_num_layers": 3, "final_lr": 4.737696709958554e-06, "hidden_size": 1376, "init_lr": 5.209805228124234e-07, "max_lr": 0.00030621142558777994, "warmup_epochs": 5}