{"batch_size": 14, "depth": 2, "dropout": 0.011600559906549807, "ffn_hidden_size": 1021, "ffn_num_layers": 3, "final_lr": 9.69931673727711e-10, "hidden_size": 1895, "init_lr": 1.212374278386622e-07, "max_lr": 2.876773859196905e-07, "warmup_epochs": 4}