{"batch_size": 39, "depth": 6, "dropout": 0.10749786995449694, "ffn_hidden_size": 1673, "ffn_num_layers": 2, "final_lr": 9.80715219498142e-07, "hidden_size": 681, "init_lr": 2.3034681063850092e-05, "max_lr": 5.704492969047369e-05, "warmup_epochs": 3}