{"batch_size": 39, "depth": 6, "dropout": 0.16257792632377677, "ffn_hidden_size": 1987, "ffn_num_layers": 3, "final_lr": 0.00014783220456825695, "hidden_size": 1497, "init_lr": 9.851212390150886e-06, "max_lr": 0.00014798946288726496, "warmup_epochs": 6}