{"batch_size": 14, "depth": 3, "dropout": 0.022079176313567515, "ffn_hidden_size": 2395, "ffn_num_layers": 3, "final_lr": 9.502549515997913e-06, "hidden_size": 1411, "init_lr": 9.33454259772365e-06, "max_lr": 0.00045925441647850807, "warmup_epochs": 6}