{"batch_size": 84, "depth": 4, "dropout": 0.3376031780363483, "ffn_hidden_size": 929, "ffn_num_layers": 1, "final_lr": 4.7903556427051275e-08, "hidden_size": 1162, "init_lr": 3.86938729932662e-10, "max_lr": 1.1085001242555735e-07, "warmup_epochs": 3}