{"batch_size": 15, "depth": 6, "dropout": 0.00044223844656048213, "ffn_hidden_size": 632, "ffn_num_layers": 3, "final_lr": 1.2607219856822885e-05, "hidden_size": 1616, "init_lr": 1.733553904623187e-05, "max_lr": 0.001, "warmup_epochs": 5}