{"batch_size": 35, "depth": 4, "dropout": 0.051711972985334635, "ffn_hidden_size": 1604, "ffn_num_layers": 1, "final_lr": 1.1114910245322742e-05, "hidden_size": 1821, "init_lr": 2.8434351897049167e-07, "max_lr": 0.00015649536873881987, "warmup_epochs": 6}