{"batch_size": 70, "depth": 3, "dropout": 0.15242224975932955, "ffn_hidden_size": 300, "ffn_num_layers": 3, "final_lr": 0.001, "hidden_size": 1848, "init_lr": 8.803238062651152e-06, "max_lr": 0.001, "warmup_epochs": 6}