{"batch_size": 10, "depth": 4, "dropout": 0.15320131634963743, "ffn_hidden_size": 2133, "ffn_num_layers": 3, "final_lr": 9.585596394221841e-05, "hidden_size": 1795, "init_lr": 3.6646497335824613e-07, "max_lr": 0.0003664649733582461, "warmup_epochs": 5}