{"batch_size": 33, "depth": 3, "dropout": 0.3348192044935204, "ffn_hidden_size": 1627, "ffn_num_layers": 2, "final_lr": 0.0004964917709825915, "hidden_size": 644, "init_lr": 1.2010234473281442e-05, "max_lr": 0.0007602121942356156, "warmup_epochs": 5}