{"batch_size": 68, "depth": 2, "dropout": 0.2205180753271338, "ffn_hidden_size": 2195, "ffn_num_layers": 2, "final_lr": 2.9361149035661684e-08, "hidden_size": 1254, "init_lr": 2.6430874656235184e-09, "max_lr": 6.815577044638605e-08, "warmup_epochs": 6}