{"batch_size": 61, "depth": 5, "dropout": 0.21797013800519938, "ffn_hidden_size": 1345, "ffn_num_layers": 3, "final_lr": 4.2416880223868323e-05, "hidden_size": 1635, "init_lr": 0.0002466625648406738, "max_lr": 0.000991029574415288, "warmup_epochs": 2}