{"batch_size": 23, "depth": 4, "dropout": 0.0, "ffn_hidden_size": 1297, "ffn_num_layers": 3, "final_lr": 8.517620423748327e-07, "hidden_size": 1766, "init_lr": 0.00016453844634139545, "max_lr": 0.00016453844634139545, "warmup_epochs": 6}