{"batch_size": 38, "depth": 5, "dropout": 0.38053134666464833, "ffn_hidden_size": 2351, "ffn_num_layers": 3, "final_lr": 9.124158212925462e-09, "hidden_size": 1363, "init_lr": 7.110036903937194e-10, "max_lr": 2.916950997311639e-08, "warmup_epochs": 6}