{"batch_size": 10, "depth": 6, "dropout": 0.053237805854934594, "ffn_hidden_size": 300, "ffn_num_layers": 2, "final_lr": 4.381459028099944e-05, "hidden_size": 300, "init_lr": 1.1110785084249122e-06, "max_lr": 0.00011255073897665478, "warmup_epochs": 6}