{"batch_size": 78, "depth": 3, "dropout": 0.18866654090425014, "ffn_hidden_size": 1802, "ffn_num_layers": 2, "final_lr": 7.835691145589122e-08, "hidden_size": 1357, "init_lr": 6.338295905070316e-08, "max_lr": 5.696263422669595e-06, "warmup_epochs": 4}