{"batch_size": 94, "depth": 5, "dropout": 0.2226665069180093, "ffn_hidden_size": 1768, "ffn_num_layers": 2, "final_lr": 0.00012956127098677958, "hidden_size": 1618, "init_lr": 8.177401556079222e-05, "max_lr": 0.00014062868537117882, "warmup_epochs": 5}