{"batch_size": 10, "depth": 6, "dropout": 0.07545823716394753, "ffn_hidden_size": 1806, "ffn_num_layers": 3, "final_lr": 0.0002839766025115563, "hidden_size": 1405, "init_lr": 1.2356333473214736e-06, "max_lr": 0.0002839766025115563, "warmup_epochs": 3}