{"batch_size": 10, "depth": 5, "dropout": 0.0, "ffn_hidden_size": 1590, "ffn_num_layers": 3, "final_lr": 0.00012115546499311037, "hidden_size": 2400, "init_lr": 5.075240453532981e-06, "max_lr": 0.00012115546499311037, "warmup_epochs": 4}