{"batch_size": 61, "depth": 3, "dropout": 0.07844577430451638, "ffn_hidden_size": 1564, "ffn_num_layers": 2, "final_lr": 5.535559770615748e-10, "hidden_size": 1335, "init_lr": 2.1991603114998076e-10, "max_lr": 1.9069512038879015e-08, "warmup_epochs": 3}