{"batch_size": 78, "depth": 6, "dropout": 0.11217524377258686, "ffn_hidden_size": 2260, "ffn_num_layers": 2, "final_lr": 8.600269427235288e-09, "hidden_size": 1084, "init_lr": 4.630170927147383e-08, "max_lr": 3.38684253075354e-07, "warmup_epochs": 4}