{"batch_size": 10, "depth": 4, "dropout": 0.08669391128955457, "ffn_hidden_size": 1172, "ffn_num_layers": 2, "final_lr": 4.768287368402333e-05, "hidden_size": 1982, "init_lr": 0.0003767223527314987, "max_lr": 0.0003767223527314987, "warmup_epochs": 6}