{"batch_size": 50, "depth": 4, "dropout": 0.14844480785858777, "ffn_hidden_size": 926, "ffn_num_layers": 1, "final_lr": 1.2672496725438932e-05, "hidden_size": 1321, "init_lr": 1.4818414997844035e-05, "max_lr": 0.000254396975917794, "warmup_epochs": 5}