{"batch_size": 31, "depth": 6, "dropout": 0.2179024904516162, "ffn_hidden_size": 843, "ffn_num_layers": 2, "final_lr": 2.3796394202606207e-05, "hidden_size": 1574, "init_lr": 5.321355589965094e-06, "max_lr": 0.0007284911285994255, "warmup_epochs": 4}