{"batch_size": 54, "depth": 4, "dropout": 0.23058426976811175, "ffn_hidden_size": 1239, "ffn_num_layers": 3, "final_lr": 4.817429140479024e-06, "hidden_size": 1484, "init_lr": 0.0006085893147932439, "max_lr": 0.0006085893147932439, "warmup_epochs": 4}