{"batch_size": 67, "depth": 3, "dropout": 0.14768511296084974, "ffn_hidden_size": 1650, "ffn_num_layers": 3, "final_lr": 5.882502080568016e-05, "hidden_size": 2377, "init_lr": 0.00013592418063575955, "max_lr": 0.0008518362953313358, "warmup_epochs": 4}