{"batch_size": 82, "depth": 5, "dropout": 0.12685677533161677, "ffn_hidden_size": 1867, "ffn_num_layers": 1, "final_lr": 0.0006124632053918228, "hidden_size": 2400, "init_lr": 6.9028649299794e-05, "max_lr": 0.0006124632053918228, "warmup_epochs": 5}