{"batch_size": 44, "depth": 3, "dropout": 0.1949597390559552, "ffn_hidden_size": 1822, "ffn_num_layers": 3, "final_lr": 0.0002007737653703667, "hidden_size": 2326, "init_lr": 1.6395423945358255e-05, "max_lr": 0.0004011011460278749, "warmup_epochs": 5}