{"batch_size": 10, "depth": 3, "dropout": 0.12521065932438424, "ffn_hidden_size": 2400, "ffn_num_layers": 3, "final_lr": 2.3059600533874775e-05, "hidden_size": 1572, "init_lr": 2.6014007880287226e-06, "max_lr": 0.00027235790376515064, "warmup_epochs": 5}