{"batch_size": 90, "depth": 3, "dropout": 0.03359302829399516, "ffn_hidden_size": 1483, "ffn_num_layers": 1, "final_lr": 3.5138118361615947e-06, "hidden_size": 596, "init_lr": 2.8483244309190687e-06, "max_lr": 0.000891934797814559, "warmup_epochs": 2}