{"batch_size": 15, "depth": 3, "dropout": 0.0, "ffn_hidden_size": 300, "ffn_num_layers": 3, "final_lr": 0.0001584729097754088, "hidden_size": 1168, "init_lr": 1.676705034863707e-05, "max_lr": 0.00016102512328510272, "warmup_epochs": 2}