{"batch_size": 97, "depth": 3, "dropout": 0.1639756864132718, "ffn_hidden_size": 779, "ffn_num_layers": 3, "final_lr": 3.887945516490053e-06, "hidden_size": 377, "init_lr": 4.050406727785554e-06, "max_lr": 0.0004917243321477104, "warmup_epochs": 5}