{"batch_size": 90, "depth": 5, "dropout": 0.1037971002370049, "ffn_hidden_size": 1182, "ffn_num_layers": 2, "final_lr": 8.312728857150274e-06, "hidden_size": 1391, "init_lr": 3.843451175947819e-06, "max_lr": 7.040985369415436e-05, "warmup_epochs": 6}