{"batch_size": 100, "depth": 4, "dropout": 0.12347248007363956, "ffn_hidden_size": 2400, "ffn_num_layers": 3, "final_lr": 0.0003614077612846776, "hidden_size": 2400, "init_lr": 4.342273464603225e-06, "max_lr": 0.0005229103772402509, "warmup_epochs": 3}