{"batch_size": 49, "depth": 2, "dropout": 0.24136916354562424, "ffn_hidden_size": 543, "ffn_num_layers": 2, "final_lr": 4.1646268585706384e-05, "hidden_size": 1965, "init_lr": 0.0003704114200068184, "max_lr": 0.0006286866863079274, "warmup_epochs": 5}