{"batch_size": 26, "depth": 4, "dropout": 0.05631692878507, "ffn_hidden_size": 917, "ffn_num_layers": 2, "final_lr": 2.2357196631637785e-08, "hidden_size": 2308, "init_lr": 3.237454070964495e-11, "max_lr": 2.5750635651438974e-08, "warmup_epochs": 6}