{"batch_size": 34, "depth": 3, "dropout": 0.05532179138062146, "ffn_hidden_size": 589, "ffn_num_layers": 2, "final_lr": 3.410211556012332e-08, "hidden_size": 2030, "init_lr": 3.18207839838652e-08, "max_lr": 2.004174376418969e-05, "warmup_epochs": 5}