{"batch_size": 37, "depth": 5, "dropout": 0.4, "ffn_hidden_size": 1900, "ffn_num_layers": 3, "final_lr": 0.00010963668980452973, "hidden_size": 2291, "init_lr": 0.00045979204753720767, "max_lr": 0.0005609403842113964, "warmup_epochs": 4}