{"batch_size": 66, "depth": 4, "dropout": 0.11308707488471238, "ffn_hidden_size": 2400, "ffn_num_layers": 3, "final_lr": 0.00018373408431000143, "hidden_size": 2400, "init_lr": 1.4379797703673728e-05, "max_lr": 0.0005530851197298943, "warmup_epochs": 3}