{"batch_size": 61, "depth": 4, "dropout": 0.1980420018423122, "ffn_hidden_size": 2029, "ffn_num_layers": 3, "final_lr": 4.275802177236051e-06, "hidden_size": 1922, "init_lr": 4.5639009133549116e-05, "max_lr": 0.0006042226782788774, "warmup_epochs": 2}