{"batch_size": 68, "depth": 5, "dropout": 0.23052683755679973, "ffn_hidden_size": 1418, "ffn_num_layers": 3, "final_lr": 6.172087559276965e-05, "hidden_size": 1482, "init_lr": 0.00017549388962974626, "max_lr": 0.000991029574415288, "warmup_epochs": 3}