{"batch_size": 85, "depth": 4, "dropout": 0.0, "ffn_hidden_size": 964, "ffn_num_layers": 1, "final_lr": 1.8962585384340816e-06, "hidden_size": 300, "init_lr": 1.1572808745110166e-05, "max_lr": 0.00016207427410582114, "warmup_epochs": 3}