{"batch_size": 57, "depth": 6, "dropout": 0.05191989301493869, "ffn_hidden_size": 1251, "ffn_num_layers": 1, "final_lr": 1.9253854449087033e-08, "hidden_size": 375, "init_lr": 1.7721250470084206e-05, "max_lr": 1.8733788782880248e-05, "warmup_epochs": 6}