{"batch_size": 77, "depth": 3, "dropout": 0.3004430541502329, "ffn_hidden_size": 1555, "ffn_num_layers": 3, "final_lr": 0.0002060232215903291, "hidden_size": 1656, "init_lr": 4.1393817308352874e-05, "max_lr": 0.0008355026894132054, "warmup_epochs": 4}