{"batch_size": 60, "depth": 5, "dropout": 0.0, "ffn_hidden_size": 300, "ffn_num_layers": 2, "final_lr": 0.00013884453324537852, "hidden_size": 2400, "init_lr": 2.6720090831046624e-07, "max_lr": 0.00013884453324537852, "warmup_epochs": 4}