{"batch_size": 25, "depth": 3, "dropout": 0.11786476197747704, "ffn_hidden_size": 1903, "ffn_num_layers": 1, "final_lr": 4.410391888253338e-05, "hidden_size": 1996, "init_lr": 0.0005625964322233171, "max_lr": 0.0005761328734702104, "warmup_epochs": 2}