{"batch_size": 43, "depth": 5, "dropout": 0.4, "ffn_hidden_size": 1937, "ffn_num_layers": 3, "final_lr": 0.00014919340690977494, "hidden_size": 2192, "init_lr": 0.00036444263047965484, "max_lr": 0.0005609403842113964, "warmup_epochs": 2}