{"batch_size": 28, "depth": 3, "dropout": 0.20887779935662448, "ffn_hidden_size": 2240, "ffn_num_layers": 3, "final_lr": 6.334924781781048e-05, "hidden_size": 1614, "init_lr": 1.2366009404034494e-06, "max_lr": 0.0005859078304378714, "warmup_epochs": 2}