{"batch_size": 66, "depth": 4, "dropout": 0.2256244038231374, "ffn_hidden_size": 1464, "ffn_num_layers": 2, "final_lr": 1.3447120020769036e-05, "hidden_size": 1717, "init_lr": 4.535984930398926e-05, "max_lr": 0.001, "warmup_epochs": 3}