{"batch_size": 10, "depth": 5, "dropout": 0.17503837795210495, "ffn_hidden_size": 2400, "ffn_num_layers": 3, "final_lr": 0.001, "hidden_size": 1273, "init_lr": 2.353938856837769e-06, "max_lr": 0.001, "warmup_epochs": 6}