{
    "batch_size": 100,
    "depth": 4,
    "dropout": 0.20991491398040538,
    "ffn_hidden_size": 1167,
    "ffn_num_layers": 3,
    "final_lr": 0.001,
    "hidden_size": 1200,
    "init_lr": 2.962995795130003e-05,
    "max_lr": 0.001,
    "warmup_epochs": 6
}