{"batch_size": 46, "depth": 6, "dropout": 0.3711684127785512, "ffn_hidden_size": 1715, "ffn_num_layers": 3, "final_lr": 0.00016210605845464718, "hidden_size": 2382, "init_lr": 0.0005523081301705712, "max_lr": 0.0005609775453846891, "warmup_epochs": 3}