{"batch_size": 77, "depth": 3, "dropout": 0.08078979099532686, "ffn_hidden_size": 2268, "ffn_num_layers": 3, "final_lr": 5.146673819026099e-05, "hidden_size": 2400, "init_lr": 7.944878630944579e-06, "max_lr": 0.0005626251845132, "warmup_epochs": 5}