{"batch_size": 52, "depth": 5, "dropout": 0.1426963967078833, "ffn_hidden_size": 952, "ffn_num_layers": 2, "final_lr": 1.1938694120029954e-06, "hidden_size": 1498, "init_lr": 3.972571377544457e-05, "max_lr": 0.00023781440325954634, "warmup_epochs": 6}