{"batch_size": 39, "depth": 5, "dropout": 0.20655260892146607, "ffn_hidden_size": 2303, "ffn_num_layers": 3, "final_lr": 0.00025639157639470445, "hidden_size": 1565, "init_lr": 8.75048718667397e-06, "max_lr": 0.00026002729370508165, "warmup_epochs": 3}