{"batch_size": 87, "depth": 3, "dropout": 0.16501085536170348, "ffn_hidden_size": 1315, "ffn_num_layers": 3, "final_lr": 3.869873044379131e-06, "hidden_size": 522, "init_lr": 3.1925623508653476e-06, "max_lr": 0.0004917243321477104, "warmup_epochs": 6}