{"batch_size": 34, "depth": 5, "dropout": 0.0910345755862288, "ffn_hidden_size": 963, "ffn_num_layers": 2, "final_lr": 0.00014606559560404982, "hidden_size": 2400, "init_lr": 1e-06, "max_lr": 0.001, "warmup_epochs": 2}