{"batch_size": 79, "depth": 5, "dropout": 0.09960683224367743, "ffn_hidden_size": 495, "ffn_num_layers": 2, "final_lr": 1.8387456887429964e-05, "hidden_size": 2365, "init_lr": 4.33970419733649e-06, "max_lr": 0.000876722356658105, "warmup_epochs": 5}