{"batch_size": 10, "depth": 6, "dropout": 0.0, "ffn_hidden_size": 2128, "ffn_num_layers": 3, "final_lr": 4.904530384941566e-05, "hidden_size": 2400, "init_lr": 2.8915954684720918e-06, "max_lr": 4.904530384941566e-05, "warmup_epochs": 4}