{"batch_size": 20, "depth": 4, "dropout": 0.22099527711708633, "ffn_hidden_size": 1819, "ffn_num_layers": 3, "final_lr": 1.625382177419996e-07, "hidden_size": 1368, "init_lr": 4.6719887807667417e-07, "max_lr": 0.00014098579904414557, "warmup_epochs": 3}