{"batch_size": 83, "depth": 2, "dropout": 0.12150757484313707, "ffn_hidden_size": 2400, "ffn_num_layers": 2, "final_lr": 1.4252360151414076e-05, "hidden_size": 1227, "init_lr": 1.4596725700367687e-05, "max_lr": 0.0008201424938333995, "warmup_epochs": 4}