{"batch_size": 10, "depth": 6, "dropout": 0.0, "ffn_hidden_size": 1654, "ffn_num_layers": 3, "final_lr": 0.00010525215355998022, "hidden_size": 2400, "init_lr": 6.749247510374589e-06, "max_lr": 0.00010525215355998022, "warmup_epochs": 5}