{"batch_size": 52, "depth": 2, "dropout": 0.004324491367534185, "ffn_hidden_size": 542, "ffn_num_layers": 1, "final_lr": 0.00037380902855708374, "hidden_size": 489, "init_lr": 1.454050600931836e-06, "max_lr": 0.0008051510803618771, "warmup_epochs": 4}