{"batch_size": 10, "depth": 5, "dropout": 0.10976221617735149, "ffn_hidden_size": 1616, "ffn_num_layers": 3, "final_lr": 6.04343746886948e-05, "hidden_size": 1851, "init_lr": 4.513976193290322e-06, "max_lr": 0.00030797465337724595, "warmup_epochs": 5}