{"batch_size": 53, "depth": 2, "dropout": 0.20500935766288067, "ffn_hidden_size": 2175, "ffn_num_layers": 3, "final_lr": 1.899823002700658e-07, "hidden_size": 1767, "init_lr": 6.903409407035389e-08, "max_lr": 6.217297047611841e-06, "warmup_epochs": 4}