{"batch_size": 34, "depth": 4, "dropout": 0.0, "ffn_hidden_size": 1113, "ffn_num_layers": 3, "final_lr": 1.8686858752654392e-05, "hidden_size": 1987, "init_lr": 5.583949484825725e-05, "max_lr": 0.0002070947678631659, "warmup_epochs": 5}