{"batch_size": 17, "depth": 4, "dropout": 0.0, "ffn_hidden_size": 1193, "ffn_num_layers": 3, "final_lr": 8.205055145798203e-06, "hidden_size": 1755, "init_lr": 0.000349347606883808, "max_lr": 0.000349347606883808, "warmup_epochs": 5}