{"batch_size": 53, "depth": 3, "dropout": 0.06402947051142172, "ffn_hidden_size": 1160, "ffn_num_layers": 1, "final_lr": 2.1075973587462575e-06, "hidden_size": 947, "init_lr": 1.211590516301319e-07, "max_lr": 4.0522098045368214e-05, "warmup_epochs": 2}