{"batch_size": 10, "depth": 3, "dropout": 0.20961686641485397, "ffn_hidden_size": 1410, "ffn_num_layers": 2, "final_lr": 0.0009844986421552353, "hidden_size": 1498, "init_lr": 6.508868634929082e-06, "max_lr": 0.001, "warmup_epochs": 5}