{
    "batch_size": 10,
    "depth": 6,
    "dropout": 0.0,
    "ffn_hidden_size": 1321,
    "ffn_num_layers": 3,
    "final_lr": 0.0001301239205456447,
    "hidden_size": 1664,
    "init_lr": 5.1731235684849644e-05,
    "max_lr": 0.0001301239205456447,
    "warmup_epochs": 4
}