{"batch_size": 10, "depth": 5, "dropout": 0.27144129274970785, "ffn_hidden_size": 855, "ffn_num_layers": 2, "final_lr": 0.00013182163597872103, "hidden_size": 2185, "init_lr": 0.0009085056647952955, "max_lr": 0.0009085056647952955, "warmup_epochs": 5}