{"batch_size": 21, "depth": 6, "dropout": 0.13690864089455818, "ffn_hidden_size": 550, "ffn_num_layers": 2, "final_lr": 1.8818774942535773e-06, "hidden_size": 1207, "init_lr": 2.7402649327889228e-06, "max_lr": 7.551791736630038e-05, "warmup_epochs": 4}