{"batch_size": 78, "depth": 6, "dropout": 0.043319307619105796, "ffn_hidden_size": 1840, "ffn_num_layers": 3, "final_lr": 0.000925504543434447, "hidden_size": 1342, "init_lr": 0.00026596367463532696, "max_lr": 0.000925504543434447, "warmup_epochs": 6}