{"batch_size": 32, "depth": 4, "dropout": 0.0, "ffn_hidden_size": 900, "ffn_num_layers": 2, "final_lr": 0.000267339951329639, "hidden_size": 1466, "init_lr": 2.1380246107248305e-06, "max_lr": 0.0004649857588155697, "warmup_epochs": 6}