{"batch_size": 21, "depth": 4, "dropout": 0.044143243654235095, "ffn_hidden_size": 1706, "ffn_num_layers": 2, "final_lr": 1.2339813694032416e-05, "hidden_size": 2193, "init_lr": 3.4164940472622113e-06, "max_lr": 0.0005499491108966205, "warmup_epochs": 3}