{"batch_size": 71, "depth": 5, "dropout": 0.24194465266174323, "ffn_hidden_size": 484, "ffn_num_layers": 2, "final_lr": 1.8380919795561521e-06, "hidden_size": 1105, "init_lr": 3.6964783205427967e-06, "max_lr": 1.6385460320853083e-05, "warmup_epochs": 4}