{"batch_size": 12, "depth": 6, "dropout": 0.0667067083066479, "ffn_hidden_size": 521, "ffn_num_layers": 2, "final_lr": 2.125219885754823e-06, "hidden_size": 1639, "init_lr": 2.741854800840952e-06, "max_lr": 7.548846104346131e-05, "warmup_epochs": 3}