{"batch_size": 31, "depth": 5, "dropout": 0.11639051132232134, "ffn_hidden_size": 1828, "ffn_num_layers": 2, "final_lr": 4.539694299728294e-06, "hidden_size": 317, "init_lr": 1.942298390336745e-06, "max_lr": 7.962294040436127e-06, "warmup_epochs": 3}