{"batch_size": 56, "depth": 4, "dropout": 0.08609152556123903, "ffn_hidden_size": 1257, "ffn_num_layers": 3, "final_lr": 5.613379951259682e-09, "hidden_size": 1740, "init_lr": 1.2982643838792988e-06, "max_lr": 3.321362901733817e-06, "warmup_epochs": 6}