{"batch_size": 37, "depth": 5, "dropout": 0.1300427287938382, "ffn_hidden_size": 1587, "ffn_num_layers": 2, "final_lr": 5.1228877015269955e-05, "hidden_size": 1720, "init_lr": 0.00022958594855874872, "max_lr": 0.0005989697070677226, "warmup_epochs": 6}