{"batch_size": 32, "depth": 2, "dropout": 0.027030441512338466, "ffn_hidden_size": 399, "ffn_num_layers": 1, "final_lr": 1.0042025792154214e-06, "hidden_size": 992, "init_lr": 0.0001734043147033351, "max_lr": 0.00028520827847481917, "warmup_epochs": 6}