{"batch_size": 12, "depth": 4, "dropout": 0.3256671508940458, "ffn_hidden_size": 1149, "ffn_num_layers": 2, "final_lr": 0.00017775107500785442, "hidden_size": 1955, "init_lr": 2.0172468023924242e-05, "max_lr": 0.000554878790093695, "warmup_epochs": 5}