{"batch_size": 12, "depth": 4, "dropout": 0.1656670525225691, "ffn_hidden_size": 2376, "ffn_num_layers": 3, "final_lr": 4.043025222995219e-05, "hidden_size": 2383, "init_lr": 1.0077938721545016e-05, "max_lr": 0.00015947482284046848, "warmup_epochs": 4}