{"batch_size": 10, "depth": 4, "dropout": 0.0, "ffn_hidden_size": 685, "ffn_num_layers": 3, "final_lr": 0.0002014567393143762, "hidden_size": 2400, "init_lr": 5.579059526622301e-05, "max_lr": 0.0002014567393143762, "warmup_epochs": 4}