{"batch_size": 38, "depth": 4, "dropout": 0.1532227148929516, "ffn_hidden_size": 1654, "ffn_num_layers": 3, "final_lr": 0.00032424413082315527, "hidden_size": 2099, "init_lr": 1.2884505622932505e-06, "max_lr": 0.0003492340133598111, "warmup_epochs": 3}