{"batch_size": 61, "depth": 5, "dropout": 0.03642076172548291, "ffn_hidden_size": 1478, "ffn_num_layers": 3, "final_lr": 4.516781639494674e-05, "hidden_size": 1327, "init_lr": 1.74728749335088e-05, "max_lr": 0.0004018181851251747, "warmup_epochs": 4}