{"batch_size": 45, "depth": 2, "dropout": 0.19952493003365784, "ffn_hidden_size": 1530, "ffn_num_layers": 2, "final_lr": 2.1730995230210508e-08, "hidden_size": 2190, "init_lr": 1.0006730676521148e-08, "max_lr": 2.850726547147901e-08, "warmup_epochs": 6}