{"batch_size": 35, "depth": 6, "dropout": 0.14756896468717282, "ffn_hidden_size": 1496, "ffn_num_layers": 3, "final_lr": 0.0002456221343883531, "hidden_size": 2400, "init_lr": 0.0002456221343883531, "max_lr": 0.0002456221343883531, "warmup_epochs": 2}