{"batch_size": 50, "depth": 2, "dropout": 0.09524002711204699, "ffn_hidden_size": 2145, "ffn_num_layers": 2, "final_lr": 3.5923668277381873e-06, "hidden_size": 334, "init_lr": 1.3481541298768533e-05, "max_lr": 0.0006299553926778908, "warmup_epochs": 3}