{"batch_size": 10, "depth": 5, "dropout": 0.0, "ffn_hidden_size": 608, "ffn_num_layers": 3, "final_lr": 1.5197935179556934e-06, "hidden_size": 1812, "init_lr": 1.6676044954630334e-05, "max_lr": 0.0005433840035590816, "warmup_epochs": 5}