{"batch_size": 10, "depth": 5, "dropout": 0.0, "ffn_hidden_size": 2400, "ffn_num_layers": 3, "final_lr": 2.9814493172722606e-05, "hidden_size": 1720, "init_lr": 0.0005963227528563959, "max_lr": 0.0005963227528563959, "warmup_epochs": 4}