{"batch_size": 65, "depth": 5, "dropout": 0.00019513380622500172, "ffn_hidden_size": 300, "ffn_num_layers": 2, "final_lr": 0.0006517353027673809, "hidden_size": 2366, "init_lr": 6.236624019507991e-06, "max_lr": 0.001, "warmup_epochs": 4}