{"batch_size": 60, "depth": 5, "dropout": 0.04812785705411109, "ffn_hidden_size": 862, "ffn_num_layers": 2, "final_lr": 1.624320532736856e-05, "hidden_size": 2161, "init_lr": 5.524166460758532e-06, "max_lr": 0.0008766742995642844, "warmup_epochs": 4}