{"batch_size": 62, "depth": 4, "dropout": 0.31835523682092765, "ffn_hidden_size": 2090, "ffn_num_layers": 3, "final_lr": 8.119035707035386e-05, "hidden_size": 1409, "init_lr": 2.477121032593413e-05, "max_lr": 0.0008826055905538903, "warmup_epochs": 5}