{"batch_size": 19, "depth": 6, "dropout": 0.0, "ffn_hidden_size": 2199, "ffn_num_layers": 3, "final_lr": 0.0001565303753307588, "hidden_size": 1691, "init_lr": 2.4787451312788373e-06, "max_lr": 0.0001565303753307588, "warmup_epochs": 5}