{"batch_size": 11, "depth": 4, "dropout": 0.06144110000089886, "ffn_hidden_size": 739, "ffn_num_layers": 1, "final_lr": 3.330817636757615e-10, "hidden_size": 1313, "init_lr": 2.2096381885479522e-08, "max_lr": 2.0587758400513335e-07, "warmup_epochs": 6}