{"batch_size": 37, "depth": 6, "dropout": 0.3490547448302699, "ffn_hidden_size": 2342, "ffn_num_layers": 2, "final_lr": 2.1933987897865316e-08, "hidden_size": 2351, "init_lr": 8.137458689676032e-10, "max_lr": 5.442690768253784e-08, "warmup_epochs": 6}