{"batch_size": 32, "depth": 2, "dropout": 0.09164852216822122, "ffn_hidden_size": 2359, "ffn_num_layers": 3, "final_lr": 2.580466338924263e-06, "hidden_size": 300, "init_lr": 1.0527797664055146e-05, "max_lr": 0.0006298106619276613, "warmup_epochs": 3}