{"batch_size": 33, "depth": 4, "dropout": 0.07892755190497028, "ffn_hidden_size": 2210, "ffn_num_layers": 2, "final_lr": 3.8936206188633544e-05, "hidden_size": 2380, "init_lr": 1.1997518153990032e-05, "max_lr": 0.0009317982025650915, "warmup_epochs": 3}