{"batch_size": 10, "depth": 6, "dropout": 0.0, "ffn_hidden_size": 521, "ffn_num_layers": 3, "final_lr": 0.00014358729892525958, "hidden_size": 2360, "init_lr": 9.555700090057762e-05, "max_lr": 0.00024414378684677225, "warmup_epochs": 6}