{"batch_size": 10, "depth": 4, "dropout": 0.4, "ffn_hidden_size": 300, "ffn_num_layers": 3, "final_lr": 0.00011657342176637055, "hidden_size": 2400, "init_lr": 4.348269615243974e-06, "max_lr": 0.0006532663458946298, "warmup_epochs": 4}