{"batch_size": 10, "depth": 6, "dropout": 0.0, "ffn_hidden_size": 2400, "ffn_num_layers": 2, "final_lr": 0.0004192672630456618, "hidden_size": 1363, "init_lr": 0.0004173514280887082, "max_lr": 0.0004192672630456618, "warmup_epochs": 4}