{"batch_size": 89, "depth": 3, "dropout": 0.1865869217507021, "ffn_hidden_size": 1735, "ffn_num_layers": 3, "final_lr": 5.825136836577684e-05, "hidden_size": 969, "init_lr": 1.424258669583183e-05, "max_lr": 0.00034667983896334684, "warmup_epochs": 5}