{"batch_size": 35, "depth": 4, "dropout": 0.4, "ffn_hidden_size": 1060, "ffn_num_layers": 3, "final_lr": 0.0005975690412011506, "hidden_size": 2385, "init_lr": 9.898945015570303e-06, "max_lr": 0.0005975690412011506, "warmup_epochs": 4}