{"batch_size": 48, "depth": 3, "dropout": 0.17123078660476454, "ffn_hidden_size": 1998, "ffn_num_layers": 2, "final_lr": 3.901508689971114e-06, "hidden_size": 1445, "init_lr": 4.229607061607619e-07, "max_lr": 0.00030621142558777994, "warmup_epochs": 5}