{
    "batch_size": 10,
    "depth": 6,
    "dropout": 0.00017908044654644508,
    "ffn_hidden_size": 305,
    "ffn_num_layers": 3,
    "final_lr": 0.0004926351605843258,
    "hidden_size": 948,
    "init_lr": 7.695959969946674e-06,
    "max_lr": 0.001,
    "warmup_epochs": 5
}