{"batch_size": 12, "depth": 4, "dropout": 0.0, "ffn_hidden_size": 300, "ffn_num_layers": 3, "final_lr": 0.00011881965251925971, "hidden_size": 2215, "init_lr": 3.9129179383305616e-07, "max_lr": 0.00039129179383305614, "warmup_epochs": 6}