{"batch_size": 27, "depth": 4, "dropout": 0.18426812501811943, "ffn_hidden_size": 1565, "ffn_num_layers": 3, "final_lr": 5.514415121173867e-07, "hidden_size": 1062, "init_lr": 7.726463689094035e-09, "max_lr": 2.144664937478095e-06, "warmup_epochs": 6}