{"batch_size": 99, "depth": 2, "dropout": 0.2970797267160389, "ffn_hidden_size": 1996, "ffn_num_layers": 3, "final_lr": 6.922384703414987e-08, "hidden_size": 1220, "init_lr": 2.1994246729961804e-08, "max_lr": 2.4309393969092645e-06, "warmup_epochs": 4}