{"batch_size": 65, "depth": 3, "dropout": 0.2193403058994522, "ffn_hidden_size": 2075, "ffn_num_layers": 3, "final_lr": 7.127588104225738e-10, "hidden_size": 2220, "init_lr": 5.6828264675047125e-08, "max_lr": 2.455710108088206e-07, "warmup_epochs": 2}