{"batch_size": 57, "depth": 5, "dropout": 0.14790225621680497, "ffn_hidden_size": 633, "ffn_num_layers": 3, "final_lr": 0.00013917090194194028, "hidden_size": 1242, "init_lr": 7.194084698372521e-05, "max_lr": 0.0005374716077436932, "warmup_epochs": 3}