{"batch_size": 25, "depth": 6, "dropout": 0.14144613609695483, "ffn_hidden_size": 818, "ffn_num_layers": 2, "final_lr": 1.7599157159521578e-06, "hidden_size": 1664, "init_lr": 3.5220632317811798e-06, "max_lr": 7.55184159799359e-05, "warmup_epochs": 3}