{"batch_size": 31, "depth": 5, "dropout": 0.2140719370373979, "ffn_hidden_size": 1681, "ffn_num_layers": 2, "final_lr": 2.054207918421422e-05, "hidden_size": 1688, "init_lr": 2.4725220602946207e-05, "max_lr": 0.000958867364595926, "warmup_epochs": 5}