{"batch_size": 53, "depth": 3, "dropout": 0.39676431732729583, "ffn_hidden_size": 1763, "ffn_num_layers": 3, "final_lr": 0.00019504268651271504, "hidden_size": 2366, "init_lr": 0.00014600124784381818, "max_lr": 0.0006209659922575138, "warmup_epochs": 5}