{"batch_size": 57, "depth": 3, "dropout": 0.30221099290927267, "ffn_hidden_size": 1882, "ffn_num_layers": 2, "final_lr": 6.619372501262579e-05, "hidden_size": 1683, "init_lr": 1.3352619349767563e-05, "max_lr": 0.00033300055637724464, "warmup_epochs": 5}