{"batch_size": 21, "depth": 6, "dropout": 0.0, "ffn_hidden_size": 509, "ffn_num_layers": 3, "final_lr": 0.0009591452227164576, "hidden_size": 2130, "init_lr": 9.591452227164575e-07, "max_lr": 0.0009591452227164576, "warmup_epochs": 3}