{"batch_size": 10, "depth": 5, "dropout": 0.2570240731750161, "ffn_hidden_size": 767, "ffn_num_layers": 2, "final_lr": 7.5624121592859e-05, "hidden_size": 2400, "init_lr": 0.0009085056647952955, "max_lr": 0.0009085056647952955, "warmup_epochs": 6}