{"batch_size": 19, "depth": 6, "dropout": 0.04843372481055883, "ffn_hidden_size": 933, "ffn_num_layers": 2, "final_lr": 5.495616972224655e-05, "hidden_size": 353, "init_lr": 1.0570648076965761e-06, "max_lr": 0.00011255073897665478, "warmup_epochs": 6}