{"batch_size": 95, "depth": 5, "dropout": 0.0, "ffn_hidden_size": 1968, "ffn_num_layers": 3, "final_lr": 4.944794966998702e-05, "hidden_size": 805, "init_lr": 0.0007414930165644114, "max_lr": 0.0007414930165644114, "warmup_epochs": 3}