{"batch_size": 88, "depth": 5, "dropout": 0.12207614142776411, "ffn_hidden_size": 1911, "ffn_num_layers": 3, "final_lr": 1.8624871402639835e-05, "hidden_size": 1662, "init_lr": 5.91237562794072e-06, "max_lr": 0.001, "warmup_epochs": 4}