{"batch_size": 21, "depth": 3, "dropout": 0.051035529464632926, "ffn_hidden_size": 1072, "ffn_num_layers": 1, "final_lr": 1.937815055159005e-06, "hidden_size": 1743, "init_lr": 6.665766748170606e-09, "max_lr": 5.540983471418206e-06, "warmup_epochs": 4}