{"batch_size": 51, "depth": 5, "dropout": 0.29325950049354693, "ffn_hidden_size": 432, "ffn_num_layers": 3, "final_lr": 4.4671894404054555e-05, "hidden_size": 2318, "init_lr": 5.353072569431289e-06, "max_lr": 0.00038013940092598646, "warmup_epochs": 5}