{"batch_size": 76, "depth": 5, "dropout": 0.2595404582783609, "ffn_hidden_size": 1194, "ffn_num_layers": 3, "final_lr": 0.0002915640086768739, "hidden_size": 2339, "init_lr": 1.916925171549553e-06, "max_lr": 0.0003142354257836119, "warmup_epochs": 5}