{"batch_size": 40, "depth": 5, "dropout": 0.24696076096141303, "ffn_hidden_size": 2400, "ffn_num_layers": 1, "final_lr": 0.00018364371524792777, "hidden_size": 1481, "init_lr": 1.571435734130869e-05, "max_lr": 0.00018364371524792777, "warmup_epochs": 4}