{"batch_size": 49, "depth": 2, "dropout": 0.36156823751940825, "ffn_hidden_size": 1504, "ffn_num_layers": 2, "final_lr": 3.0071542053195556e-07, "hidden_size": 2322, "init_lr": 4.903259361752798e-07, "max_lr": 7.278554689850725e-07, "warmup_epochs": 6}