{"batch_size": 38, "depth": 2, "dropout": 0.17232494393790174, "ffn_hidden_size": 2244, "ffn_num_layers": 2, "final_lr": 1.9767728000879003e-06, "hidden_size": 423, "init_lr": 9.76264741764379e-06, "max_lr": 0.0006298106619276613, "warmup_epochs": 3}