{"batch_size": 79, "depth": 5, "dropout": 0.003397552020369945, "ffn_hidden_size": 310, "ffn_num_layers": 3, "final_lr": 5.129029072913226e-05, "hidden_size": 2228, "init_lr": 2.328709219004702e-05, "max_lr": 0.0005143245162383685, "warmup_epochs": 4}