{"batch_size": 63, "depth": 4, "dropout": 0.20716615876403138, "ffn_hidden_size": 1505, "ffn_num_layers": 2, "final_lr": 6.693729021580855e-05, "hidden_size": 2273, "init_lr": 3.568925106782835e-05, "max_lr": 0.0004023747555617551, "warmup_epochs": 4}