{"batch_size": 10, "depth": 6, "dropout": 0.0, "ffn_hidden_size": 2400, "ffn_num_layers": 3, "final_lr": 7.69906470414143e-05, "hidden_size": 2400, "init_lr": 8.035930261953037e-05, "max_lr": 8.035930261953037e-05, "warmup_epochs": 2}