{"batch_size": 19, "depth": 6, "dropout": 0.34185305792581583, "ffn_hidden_size": 1669, "ffn_num_layers": 1, "final_lr": 1.3726614259965226e-06, "hidden_size": 1543, "init_lr": 0.00015897283138764225, "max_lr": 0.0005905601667875963, "warmup_epochs": 5}