{"batch_size": 10, "depth": 5, "dropout": 0.08805326350384043, "ffn_hidden_size": 2400, "ffn_num_layers": 3, "final_lr": 5.239704185407795e-07, "hidden_size": 2400, "init_lr": 5.533270821386252e-07, "max_lr": 0.0005239704185407795, "warmup_epochs": 2}