{"batch_size": 42, "depth": 4, "dropout": 0.08344815070886359, "ffn_hidden_size": 1490, "ffn_num_layers": 1, "final_lr": 3.7438361274531445e-09, "hidden_size": 770, "init_lr": 1.9766679371903548e-09, "max_lr": 2.670792093818647e-07, "warmup_epochs": 5}