{"batch_size": 35, "depth": 5, "dropout": 0.3897627922487337, "ffn_hidden_size": 1711, "ffn_num_layers": 3, "final_lr": 1.102290955953974e-05, "hidden_size": 2242, "init_lr": 2.4647402983973992e-06, "max_lr": 0.0009561176979725998, "warmup_epochs": 2}