{"batch_size": 94, "depth": 4, "dropout": 0.020693323618758024, "ffn_hidden_size": 550, "ffn_num_layers": 1, "final_lr": 6.362590096078302e-09, "hidden_size": 754, "init_lr": 2.1859391500517283e-09, "max_lr": 1.416369438510364e-08, "warmup_epochs": 2}