{"batch_size": 81, "depth": 2, "dropout": 0.3691168820728938, "ffn_hidden_size": 1791, "ffn_num_layers": 3, "final_lr": 1.3619979269305647e-07, "hidden_size": 2007, "init_lr": 8.797828381082172e-08, "max_lr": 1.2403452984553361e-06, "warmup_epochs": 6}