{"batch_size": 40, "depth": 5, "dropout": 0.15596404772843417, "ffn_hidden_size": 1430, "ffn_num_layers": 3, "final_lr": 0.000192118319326627, "hidden_size": 2400, "init_lr": 0.00010319779476788003, "max_lr": 0.00021146507561552492, "warmup_epochs": 5}