{"batch_size": 42, "depth": 6, "dropout": 0.0012616390143714879, "ffn_hidden_size": 1233, "ffn_num_layers": 3, "final_lr": 3.1876448350978344e-05, "hidden_size": 1370, "init_lr": 5.42853258133274e-05, "max_lr": 0.00045147765126686665, "warmup_epochs": 4}