{"batch_size": 35, "depth": 5, "dropout": 0.39655627274358535, "ffn_hidden_size": 1853, "ffn_num_layers": 3, "final_lr": 0.0001631665149028239, "hidden_size": 1926, "init_lr": 0.0005611007857651736, "max_lr": 0.0005611007857651736, "warmup_epochs": 3}