{"batch_size": 59, "depth": 5, "dropout": 0.3867170446507494, "ffn_hidden_size": 1574, "ffn_num_layers": 2, "final_lr": 1.8081854997748663e-10, "hidden_size": 1624, "init_lr": 1.7642319905515955e-10, "max_lr": 5.0033511775913794e-08, "warmup_epochs": 2}