{"batch_size": 29, "depth": 2, "dropout": 0.20094433625992808, "ffn_hidden_size": 620, "ffn_num_layers": 2, "final_lr": 3.6581021191101987e-07, "hidden_size": 817, "init_lr": 8.14333098198236e-09, "max_lr": 4.3942413990846087e-07, "warmup_epochs": 2}