{"batch_size": 76, "depth": 5, "dropout": 0.06298607332364113, "ffn_hidden_size": 1240, "ffn_num_layers": 3, "final_lr": 0.0008026707589092227, "hidden_size": 1523, "init_lr": 0.0002718037533021971, "max_lr": 0.0009253344143475049, "warmup_epochs": 6}