{"batch_size": 10, "depth": 6, "dropout": 0.24264617326036172, "ffn_hidden_size": 705, "ffn_num_layers": 2, "final_lr": 0.00011280318590273178, "hidden_size": 2230, "init_lr": 0.000593737588755572, "max_lr": 0.0009085056647952955, "warmup_epochs": 6}