{"batch_size": 10, "depth": 3, "dropout": 0.16761147483990452, "ffn_hidden_size": 805, "ffn_num_layers": 3, "final_lr": 2.715820181154967e-07, "hidden_size": 2148, "init_lr": 0.00026796888555149465, "max_lr": 0.0002715820181154967, "warmup_epochs": 2}