{"batch_size": 62, "depth": 2, "dropout": 0.23235539838811178, "ffn_hidden_size": 666, "ffn_num_layers": 3, "final_lr": 6.170472010924025e-05, "hidden_size": 2181, "init_lr": 0.00044532002727784396, "max_lr": 0.0006286866863079274, "warmup_epochs": 4}