{"batch_size": 32, "depth": 4, "dropout": 0.3987084274634213, "ffn_hidden_size": 849, "ffn_num_layers": 3, "final_lr": 0.00020293816238506958, "hidden_size": 889, "init_lr": 0.001, "max_lr": 0.001, "warmup_epochs": 3}