{"batch_size": 27, "depth": 3, "dropout": 0.10499594246851669, "ffn_hidden_size": 300, "ffn_num_layers": 3, "final_lr": 0.00019907059825100551, "hidden_size": 1083, "init_lr": 0.0001900759069312028, "max_lr": 0.00019907059825100551, "warmup_epochs": 2}