{"batch_size": 10, "depth": 5, "dropout": 0.0, "ffn_hidden_size": 592, "ffn_num_layers": 3, "final_lr": 5.295675323306215e-05, "hidden_size": 1833, "init_lr": 6.551138441571015e-06, "max_lr": 0.00036014777005792737, "warmup_epochs": 5}