{"batch_size": 10, "depth": 5, "dropout": 0.13437947462990074, "ffn_hidden_size": 1599, "ffn_num_layers": 2, "final_lr": 5.194580308521343e-05, "hidden_size": 1298, "init_lr": 1.090806069707175e-05, "max_lr": 0.0003389568382471247, "warmup_epochs": 3}