{"batch_size": 39, "depth": 4, "dropout": 0.02985397819942928, "ffn_hidden_size": 1086, "ffn_num_layers": 3, "final_lr": 7.26679292597627e-06, "hidden_size": 1610, "init_lr": 2.063732133995119e-05, "max_lr": 0.0002822839410341189, "warmup_epochs": 2}