{"batch_size": 61, "depth": 4, "dropout": 0.2904292609574368, "ffn_hidden_size": 1938, "ffn_num_layers": 3, "final_lr": 8.29828749910043e-08, "hidden_size": 1052, "init_lr": 1.601712204578469e-07, "max_lr": 3.960245931856152e-07, "warmup_epochs": 4}