{"batch_size": 10, "depth": 5, "dropout": 0.29141486852114823, "ffn_hidden_size": 1792, "ffn_num_layers": 2, "final_lr": 3.1540032780951245e-05, "hidden_size": 2369, "init_lr": 1.9820546969093895e-05, "max_lr": 0.00042338248590886743, "warmup_epochs": 6}