{"batch_size": 64, "depth": 4, "dropout": 0.26622552184444664, "ffn_hidden_size": 328, "ffn_num_layers": 2, "final_lr": 4.446877186511913e-06, "hidden_size": 1800, "init_lr": 5.35752470721629e-06, "max_lr": 2.2389468091540852e-05, "warmup_epochs": 3}