{"batch_size": 70, "depth": 3, "dropout": 0.0071067632906885786, "ffn_hidden_size": 1296, "ffn_num_layers": 3, "final_lr": 2.841754063934755e-07, "hidden_size": 1648, "init_lr": 1.7271369193936015e-06, "max_lr": 0.0001615230119232576, "warmup_epochs": 6}