{"batch_size": 62, "depth": 3, "dropout": 0.14318972337663635, "ffn_hidden_size": 649, "ffn_num_layers": 3, "final_lr": 2.4424740965320715e-05, "hidden_size": 2400, "init_lr": 2.4002355849242377e-06, "max_lr": 0.00041835607424116323, "warmup_epochs": 5}