{"batch_size": 10, "depth": 5, "dropout": 0.2584137286844312, "ffn_hidden_size": 2027, "ffn_num_layers": 3, "final_lr": 1.6313724049835029e-06, "hidden_size": 1576, "init_lr": 3.3258827305923395e-06, "max_lr": 0.00020265513564433337, "warmup_epochs": 6}