{"batch_size": 99, "depth": 4, "dropout": 0.11536487997897256, "ffn_hidden_size": 1488, "ffn_num_layers": 2, "final_lr": 0.0006124556390565177, "hidden_size": 2400, "init_lr": 5.8100913698158274e-05, "max_lr": 0.0006124556390565177, "warmup_epochs": 5}