{"batch_size": 86, "depth": 4, "dropout": 0.15757989457796034, "ffn_hidden_size": 1807, "ffn_num_layers": 3, "final_lr": 6.255206148656176e-09, "hidden_size": 477, "init_lr": 2.0608702612756942e-08, "max_lr": 6.317082659066757e-07, "warmup_epochs": 5}