{"batch_size": 62, "depth": 3, "dropout": 0.02031831241293056, "ffn_hidden_size": 2005, "ffn_num_layers": 3, "final_lr": 6.735269528427652e-05, "hidden_size": 2400, "init_lr": 0.00020428774580008482, "max_lr": 0.001, "warmup_epochs": 6}