{"batch_size": 10, "depth": 5, "dropout": 0.22863800943957865, "ffn_hidden_size": 1128, "ffn_num_layers": 3, "final_lr": 1.1537089413904786e-06, "hidden_size": 1684, "init_lr": 0.00014974277279879012, "max_lr": 0.000557478128514965, "warmup_epochs": 3}