{"batch_size": 77, "depth": 5, "dropout": 0.16434856814894294, "ffn_hidden_size": 884, "ffn_num_layers": 2, "final_lr": 2.3060969014160846e-05, "hidden_size": 2213, "init_lr": 3.6965901030053025e-06, "max_lr": 0.0008770179506534806, "warmup_epochs": 5}