{"batch_size": 11, "depth": 4, "dropout": 0.3897197478913617, "ffn_hidden_size": 2285, "ffn_num_layers": 2, "final_lr": 4.301508427974801e-05, "hidden_size": 914, "init_lr": 8.32505372175218e-06, "max_lr": 0.00028756381828945037, "warmup_epochs": 5}