{"batch_size": 55, "depth": 5, "dropout": 0.09192185358038359, "ffn_hidden_size": 1963, "ffn_num_layers": 2, "final_lr": 1.2071015813611242e-06, "hidden_size": 721, "init_lr": 0.00028182493359820603, "max_lr": 0.0009192527798118443, "warmup_epochs": 2}