{"batch_size": 10, "depth": 6, "dropout": 0.06839818802898207, "ffn_hidden_size": 2400, "ffn_num_layers": 3, "final_lr": 0.0001295023028470749, "hidden_size": 300, "init_lr": 0.00012614554893967657, "max_lr": 0.0001309174172929548, "warmup_epochs": 4}