{"batch_size": 46, "depth": 3, "dropout": 0.1218953682148199, "ffn_hidden_size": 1026, "ffn_num_layers": 1, "final_lr": 5.627258318103943e-05, "hidden_size": 478, "init_lr": 0.00022380273865164898, "max_lr": 0.0005033768269049719, "warmup_epochs": 4}