{"batch_size": 25, "depth": 5, "dropout": 0.0016396025673775022, "ffn_hidden_size": 2400, "ffn_num_layers": 3, "final_lr": 0.0004682581145695349, "hidden_size": 1473, "init_lr": 2.458550447991458e-06, "max_lr": 0.0004682581145695349, "warmup_epochs": 6}