{"batch_size": 10, "depth": 6, "dropout": 0.0013219634634259604, "ffn_hidden_size": 300, "ffn_num_layers": 2, "final_lr": 0.00013834555978294705, "hidden_size": 2357, "init_lr": 4.044358150601452e-06, "max_lr": 0.0003341683790183711, "warmup_epochs": 5}