{"batch_size": 10, "depth": 4, "dropout": 0.13722736619552453, "ffn_hidden_size": 2164, "ffn_num_layers": 3, "final_lr": 5.146287094117743e-05, "hidden_size": 1830, "init_lr": 8.684287739459341e-06, "max_lr": 0.00023222161607112295, "warmup_epochs": 4}