{"batch_size": 39, "depth": 4, "dropout": 0.22697869086015943, "ffn_hidden_size": 1359, "ffn_num_layers": 3, "final_lr": 0.00018102210347387604, "hidden_size": 2400, "init_lr": 2.556663883558464e-05, "max_lr": 0.0003983564825491249, "warmup_epochs": 5}