{"batch_size": 10, "depth": 3, "dropout": 0.004142185293102913, "ffn_hidden_size": 1778, "ffn_num_layers": 2, "final_lr": 1.2951626342294971e-05, "hidden_size": 1445, "init_lr": 0.0005830908551263544, "max_lr": 0.0005869193800825266, "warmup_epochs": 6}