{"batch_size": 10, "depth": 4, "dropout": 0.06771851418261983, "ffn_hidden_size": 597, "ffn_num_layers": 3, "final_lr": 1.0848652421060522e-05, "hidden_size": 1845, "init_lr": 0.00023526608154879423, "max_lr": 0.00023526608154879423, "warmup_epochs": 4}