{"batch_size": 19, "depth": 2, "dropout": 0.08123814926072331, "ffn_hidden_size": 2392, "ffn_num_layers": 3, "final_lr": 0.00035289562173364643, "hidden_size": 2365, "init_lr": 5.381719002493483e-06, "max_lr": 0.00035289562173364643, "warmup_epochs": 3}