{"batch_size": 10, "depth": 3, "dropout": 0.3987551440038717, "ffn_hidden_size": 2400, "ffn_num_layers": 1, "final_lr": 3.3715210844425495e-05, "hidden_size": 1048, "init_lr": 1.0164436655780818e-05, "max_lr": 0.00028765636362565, "warmup_epochs": 5}