{"batch_size": 10, "depth": 5, "dropout": 0.06316381820943204, "ffn_hidden_size": 2400, "ffn_num_layers": 3, "final_lr": 6.269577576554457e-05, "hidden_size": 2400, "init_lr": 1.1034620126903695e-05, "max_lr": 0.00033362503942123705, "warmup_epochs": 3}