{"batch_size": 10, "depth": 3, "dropout": 0.225331742109853, "ffn_hidden_size": 569, "ffn_num_layers": 2, "final_lr": 2.3449745448878964e-07, "hidden_size": 2212, "init_lr": 0.0002062311808890124, "max_lr": 0.00023449745448878964, "warmup_epochs": 4}