{"batch_size": 93, "depth": 3, "dropout": 0.2688467010199545, "ffn_hidden_size": 1102, "ffn_num_layers": 3, "final_lr": 4.3088587419115884e-05, "hidden_size": 1151, "init_lr": 2.3152782345699937e-05, "max_lr": 0.0005283558830291021, "warmup_epochs": 4}