{
    "batch_size": 10,
    "depth": 4,
    "dropout": 0.1497021476468457,
    "ffn_hidden_size": 300,
    "ffn_num_layers": 3,
    "final_lr": 0.0001012581245867015,
    "hidden_size": 319,
    "init_lr": 5.8252515969389926e-05,
    "max_lr": 0.0007365667934903851,
    "warmup_epochs": 2
}