{"batch_size": 42, "depth": 4, "dropout": 0.29798373892353186, "ffn_hidden_size": 2324, "ffn_num_layers": 3, "final_lr": 0.00026387193711953133, "hidden_size": 1693, "init_lr": 2.6298916736083097e-05, "max_lr": 0.0007793002637706268, "warmup_epochs": 4}