{"batch_size": 44, "depth": 4, "dropout": 0.39652430014764156, "ffn_hidden_size": 1621, "ffn_num_layers": 3, "final_lr": 0.0004647413391696538, "hidden_size": 2400, "init_lr": 4.2545880952463125e-05, "max_lr": 0.0004647413391696538, "warmup_epochs": 2}