{"batch_size": 52, "depth": 4, "dropout": 0.13630286919299822, "ffn_hidden_size": 1855, "ffn_num_layers": 3, "final_lr": 2.5669851556003362e-05, "hidden_size": 1006, "init_lr": 0.0009757047251934795, "max_lr": 0.001, "warmup_epochs": 3}