{"batch_size": 10, "depth": 2, "dropout": 0.1588728760603545, "ffn_hidden_size": 2371, "ffn_num_layers": 3, "final_lr": 3.67719370229792e-06, "hidden_size": 2400, "init_lr": 9.440876886181964e-05, "max_lr": 0.0007355979107532027, "warmup_epochs": 5}