{"batch_size": 83, "depth": 4, "dropout": 0.21855008067289755, "ffn_hidden_size": 1214, "ffn_num_layers": 3, "final_lr": 3.268510204762254e-06, "hidden_size": 404, "init_lr": 3.1925623508653476e-06, "max_lr": 0.0004917243321477104, "warmup_epochs": 5}