{"batch_size": 10, "depth": 4, "dropout": 0.0006854552228652233, "ffn_hidden_size": 1542, "ffn_num_layers": 2, "final_lr": 0.000152366365791154, "hidden_size": 1801, "init_lr": 0.00011331285991833221, "max_lr": 0.0003021154110585049, "warmup_epochs": 6}