{"batch_size": 80, "depth": 3, "dropout": 0.2575419118192211, "ffn_hidden_size": 1025, "ffn_num_layers": 2, "final_lr": 5.733482657223209e-07, "hidden_size": 1292, "init_lr": 5.439844020438377e-06, "max_lr": 0.00021885884334145466, "warmup_epochs": 6}