{"batch_size": 10, "depth": 4, "dropout": 0.0, "ffn_hidden_size": 1111, "ffn_num_layers": 3, "final_lr": 1.2047325609188743e-05, "hidden_size": 2210, "init_lr": 1.214549841229124e-05, "max_lr": 0.00018519686822516637, "warmup_epochs": 4}