{"batch_size": 100, "depth": 6, "dropout": 0.06998582976295192, "ffn_hidden_size": 300, "ffn_num_layers": 1, "final_lr": 3.86950280205366e-06, "hidden_size": 1261, "init_lr": 6.703223160702369e-06, "max_lr": 0.000942900911856579, "warmup_epochs": 4}