{"batch_size": 42, "depth": 6, "dropout": 0.0, "ffn_hidden_size": 992, "ffn_num_layers": 3, "final_lr": 1.4919471835029795e-05, "hidden_size": 1190, "init_lr": 0.0004475485294020572, "max_lr": 0.0004717044466490885, "warmup_epochs": 6}