{"batch_size": 46, "depth": 4, "dropout": 0.16154946438312695, "ffn_hidden_size": 1410, "ffn_num_layers": 3, "final_lr": 6.2704079645203804e-06, "hidden_size": 1969, "init_lr": 0.00031804061970188433, "max_lr": 0.0003679121722912605, "warmup_epochs": 2}