{"batch_size": 52, "depth": 4, "dropout": 0.34278462099724066, "ffn_hidden_size": 300, "ffn_num_layers": 2, "final_lr": 2.6391012662686423e-05, "hidden_size": 2000, "init_lr": 8.816035205849691e-06, "max_lr": 0.00038013940092598646, "warmup_epochs": 5}