{"batch_size": 10, "depth": 6, "dropout": 0.005302663915082689, "ffn_hidden_size": 777, "ffn_num_layers": 2, "final_lr": 3.334318310220048e-05, "hidden_size": 2389, "init_lr": 3.85504668806642e-06, "max_lr": 0.00023257709463607597, "warmup_epochs": 4}