{
    "batch_size": 10,
    "depth": 3,
    "dropout": 0.034083951874614875,
    "ffn_hidden_size": 837,
    "ffn_num_layers": 3,
    "final_lr": 0.0007019507175141611,
    "hidden_size": 745,
    "init_lr": 0.0003453357971433641,
    "max_lr": 0.0007144987299446249,
    "warmup_epochs": 5
}