{"batch_size": 60, "depth": 3, "dropout": 0.39279134520344205, "ffn_hidden_size": 758, "ffn_num_layers": 3, "final_lr": 1.341155429245316e-07, "hidden_size": 564, "init_lr": 1.1028256192660435e-07, "max_lr": 2.8072719955442796e-06, "warmup_epochs": 2}