{"batch_size": 75, "depth": 3, "dropout": 0.09486225682105093, "ffn_hidden_size": 2338, "ffn_num_layers": 3, "final_lr": 1.061948656469313e-05, "hidden_size": 1141, "init_lr": 1.4596725700367687e-05, "max_lr": 0.0008201424938333995, "warmup_epochs": 4}