{"batch_size": 63, "depth": 5, "dropout": 0.18764944596018654, "ffn_hidden_size": 1693, "ffn_num_layers": 1, "final_lr": 1.4493532401013221e-06, "hidden_size": 1674, "init_lr": 5.777418233243436e-09, "max_lr": 2.2831859472259024e-06, "warmup_epochs": 6}