{"batch_size": 10, "depth": 6, "dropout": 0.09138814501827343, "ffn_hidden_size": 2400, "ffn_num_layers": 3, "final_lr": 0.0005843075403990949, "hidden_size": 1791, "init_lr": 3.1305427311284496e-06, "max_lr": 0.0005843075403990949, "warmup_epochs": 2}