{"batch_size": 34, "depth": 4, "dropout": 0.2567607815620356, "ffn_hidden_size": 690, "ffn_num_layers": 2, "final_lr": 1.051938964539902e-09, "hidden_size": 1104, "init_lr": 1.3121653698339692e-08, "max_lr": 1.3336121362375006e-07, "warmup_epochs": 2}