{"batch_size": 21, "depth": 4, "dropout": 0.33452642922556075, "ffn_hidden_size": 1672, "ffn_num_layers": 1, "final_lr": 1.1279494518890756e-09, "hidden_size": 1993, "init_lr": 4.963479159086663e-09, "max_lr": 4.166220897708202e-07, "warmup_epochs": 2}