{"batch_size": 94, "depth": 4, "dropout": 0.3387945567924506, "ffn_hidden_size": 2337, "ffn_num_layers": 2, "final_lr": 2.6174300746844072e-05, "hidden_size": 2153, "init_lr": 3.312691752193895e-07, "max_lr": 0.00021385910681849163, "warmup_epochs": 3}