{"batch_size": 10, "depth": 5, "dropout": 0.0020564103159390933, "ffn_hidden_size": 1483, "ffn_num_layers": 3, "final_lr": 0.0002032632146924095, "hidden_size": 2400, "init_lr": 2.0326321469240949e-07, "max_lr": 0.0002032632146924095, "warmup_epochs": 6}