{"batch_size": 71, "depth": 2, "dropout": 0.2140979005659288, "ffn_hidden_size": 2225, "ffn_num_layers": 2, "final_lr": 1.2052891486742192e-05, "hidden_size": 2048, "init_lr": 9.618527646057004e-07, "max_lr": 0.00043967184028631545, "warmup_epochs": 3}