{"batch_size": 78, "depth": 6, "dropout": 0.17992400868584452, "ffn_hidden_size": 1992, "ffn_num_layers": 3, "final_lr": 2.3224698644901195e-05, "hidden_size": 1668, "init_lr": 5.25053849904615e-05, "max_lr": 0.0004383862842413443, "warmup_epochs": 4}