{"batch_size": 55, "depth": 5, "dropout": 0.059484497739345485, "ffn_hidden_size": 1154, "ffn_num_layers": 3, "final_lr": 1.186505163642954e-06, "hidden_size": 1397, "init_lr": 4.944034251236986e-05, "max_lr": 0.00023781440325954634, "warmup_epochs": 6}