{"batch_size": 50, "depth": 2, "dropout": 0.16141139957956632, "ffn_hidden_size": 1104, "ffn_num_layers": 1, "final_lr": 1.4048618306920578e-06, "hidden_size": 1590, "init_lr": 0.00043499784909699157, "max_lr": 0.000904795169687512, "warmup_epochs": 2}