{"batch_size": 73, "depth": 6, "dropout": 0.3006795847014311, "ffn_hidden_size": 1284, "ffn_num_layers": 3, "final_lr": 5.697093425591003e-05, "hidden_size": 1785, "init_lr": 0.00018531035034266124, "max_lr": 0.000991264310640438, "warmup_epochs": 2}