{"batch_size": 26, "depth": 2, "dropout": 0.23248496555166742, "ffn_hidden_size": 2037, "ffn_num_layers": 3, "final_lr": 5.07097446114431e-05, "hidden_size": 1010, "init_lr": 9.229198022878647e-06, "max_lr": 6.264999670090791e-05, "warmup_epochs": 5}