{"batch_size": 51, "depth": 6, "dropout": 0.03728196612010666, "ffn_hidden_size": 795, "ffn_num_layers": 2, "final_lr": 0.00023156219144587672, "hidden_size": 906, "init_lr": 1.0590782104715309e-06, "max_lr": 0.0003802409015400805, "warmup_epochs": 4}