{"batch_size": 43, "depth": 5, "dropout": 0.3981609094993457, "ffn_hidden_size": 539, "ffn_num_layers": 3, "final_lr": 5.001567293834599e-07, "hidden_size": 379, "init_lr": 2.9059365603019996e-08, "max_lr": 1.7691777630383745e-05, "warmup_epochs": 2}