{"batch_size": 86, "depth": 5, "dropout": 0.09487305243694467, "ffn_hidden_size": 1557, "ffn_num_layers": 1, "final_lr": 0.000585646168846341, "hidden_size": 2400, "init_lr": 5.991440013400378e-05, "max_lr": 0.0006126118998630553, "warmup_epochs": 4}