{"batch_size": 30, "depth": 4, "dropout": 0.38208887722143087, "ffn_hidden_size": 960, "ffn_num_layers": 2, "final_lr": 1.0151478856531996e-08, "hidden_size": 2301, "init_lr": 4.621813516136318e-09, "max_lr": 8.842820924938514e-08, "warmup_epochs": 3}