{"batch_size": 75, "depth": 3, "dropout": 0.24169249929682288, "ffn_hidden_size": 2125, "ffn_num_layers": 2, "final_lr": 8.780829333958618e-06, "hidden_size": 1152, "init_lr": 1.5132493755443006e-05, "max_lr": 0.0008201424938333995, "warmup_epochs": 4}