{"batch_size": 10, "depth": 6, "dropout": 0.0, "ffn_hidden_size": 1613, "ffn_num_layers": 3, "final_lr": 8.346418600049133e-05, "hidden_size": 1626, "init_lr": 8.561313362984679e-07, "max_lr": 0.00020984724280857735, "warmup_epochs": 3}