{"batch_size": 71, "depth": 4, "dropout": 0.24857478105966588, "ffn_hidden_size": 548, "ffn_num_layers": 3, "final_lr": 2.8697111663985434e-05, "hidden_size": 2400, "init_lr": 5.353072569431289e-06, "max_lr": 0.00038013940092598646, "warmup_epochs": 5}