{"batch_size": 10, "depth": 6, "dropout": 0.0007968314834953243, "ffn_hidden_size": 1667, "ffn_num_layers": 2, "final_lr": 0.0001277115332441789, "hidden_size": 2400, "init_lr": 5.961877642697046e-06, "max_lr": 0.00040151252336190245, "warmup_epochs": 3}