{"batch_size": 10, "depth": 5, "dropout": 0.0362970329843973, "ffn_hidden_size": 1268, "ffn_num_layers": 3, "final_lr": 9.884259545103007e-06, "hidden_size": 1518, "init_lr": 3.2561101265445616e-05, "max_lr": 0.00018392576553423294, "warmup_epochs": 4}