{"batch_size": 10, "depth": 4, "dropout": 0.0021023945354029187, "ffn_hidden_size": 1504, "ffn_num_layers": 2, "final_lr": 0.00014545273710963916, "hidden_size": 1941, "init_lr": 4.868874314139485e-06, "max_lr": 0.00014545273710963916, "warmup_epochs": 3}