{"batch_size": 66, "depth": 2, "dropout": 0.0431414100357033, "ffn_hidden_size": 2145, "ffn_num_layers": 3, "final_lr": 1.7885015650847459e-10, "hidden_size": 1020, "init_lr": 1.907914823754946e-08, "max_lr": 4.6999522997195686e-08, "warmup_epochs": 6}