{"batch_size": 99, "depth": 3, "dropout": 0.19485550606794627, "ffn_hidden_size": 1507, "ffn_num_layers": 3, "final_lr": 0.0003749672768730572, "hidden_size": 2400, "init_lr": 7.90175705925754e-05, "max_lr": 0.001, "warmup_epochs": 3}