{"batch_size": 18, "depth": 3, "dropout": 0.21963423697394324, "ffn_hidden_size": 1829, "ffn_num_layers": 2, "final_lr": 5.898451720449609e-05, "hidden_size": 1820, "init_lr": 8.13884442310328e-05, "max_lr": 0.0003910918943359226, "warmup_epochs": 3}