{"batch_size": 33, "depth": 5, "dropout": 0.04691903318611843, "ffn_hidden_size": 494, "ffn_num_layers": 2, "final_lr": 4.3024716828075225e-06, "hidden_size": 1151, "init_lr": 5.552260299656577e-07, "max_lr": 0.00021985761280939105, "warmup_epochs": 3}