{"batch_size": 100, "depth": 4, "dropout": 0.002775411692881684, "ffn_hidden_size": 300, "ffn_num_layers": 2, "final_lr": 0.001, "hidden_size": 2398, "init_lr": 1.0087155119844247e-06, "max_lr": 0.001, "warmup_epochs": 5}