{"batch_size": 61, "depth": 5, "dropout": 0.26042633063068676, "ffn_hidden_size": 1240, "ffn_num_layers": 3, "final_lr": 1.2988363913848862e-06, "hidden_size": 982, "init_lr": 5.804978834579501e-05, "max_lr": 0.0005957354770596837, "warmup_epochs": 5}