{"batch_size": 13, "depth": 6, "dropout": 0.26781670207338676, "ffn_hidden_size": 2321, "ffn_num_layers": 2, "final_lr": 2.958962949816865e-06, "hidden_size": 1594, "init_lr": 0.0005304447744904207, "max_lr": 0.000676187962842429, "warmup_epochs": 6}