{"batch_size": 12, "depth": 6, "dropout": 0.13378161614398232, "ffn_hidden_size": 528, "ffn_num_layers": 2, "final_lr": 1.6733105925346659e-06, "hidden_size": 971, "init_lr": 2.3183163980033033e-06, "max_lr": 7.548846104346131e-05, "warmup_epochs": 3}