{"batch_size": 66, "depth": 3, "dropout": 0.049920861880257884, "ffn_hidden_size": 2400, "ffn_num_layers": 3, "final_lr": 1e-06, "hidden_size": 2041, "init_lr": 7.812333931525863e-05, "max_lr": 0.001, "warmup_epochs": 4}