{"batch_size": 11, "depth": 5, "dropout": 0.12228381753311907, "ffn_hidden_size": 300, "ffn_num_layers": 3, "final_lr": 0.0009624149008523929, "hidden_size": 820, "init_lr": 0.001, "max_lr": 0.001, "warmup_epochs": 2}