{"batch_size": 10, "depth": 5, "dropout": 0.0, "ffn_hidden_size": 300, "ffn_num_layers": 3, "final_lr": 0.0001393231199275962, "hidden_size": 2400, "init_lr": 5.780162643714964e-06, "max_lr": 0.0001393231199275962, "warmup_epochs": 3}