{"batch_size": 14, "depth": 3, "dropout": 0.013954566421855562, "ffn_hidden_size": 2400, "ffn_num_layers": 3, "final_lr": 7.723170082355292e-05, "hidden_size": 2115, "init_lr": 8.805512378871367e-08, "max_lr": 7.723170082355292e-05, "warmup_epochs": 5}