{"batch_size": 30, "depth": 6, "dropout": 0.32191195527620753, "ffn_hidden_size": 473, "ffn_num_layers": 1, "final_lr": 4.839723022649462e-07, "hidden_size": 1363, "init_lr": 5.020231037598399e-07, "max_lr": 5.5213738917565794e-05, "warmup_epochs": 4}