{"batch_size": 31, "depth": 5, "dropout": 0.20032632683619234, "ffn_hidden_size": 924, "ffn_num_layers": 3, "final_lr": 6.209262483434473e-06, "hidden_size": 2007, "init_lr": 0.001, "max_lr": 0.001, "warmup_epochs": 6}