{"batch_size": 85, "depth": 6, "dropout": 0.05038261258602932, "ffn_hidden_size": 1807, "ffn_num_layers": 3, "final_lr": 0.0002969221570892154, "hidden_size": 1146, "init_lr": 0.00022001574713799261, "max_lr": 0.0009359940959112572, "warmup_epochs": 6}