{"batch_size": 97, "depth": 3, "dropout": 0.2166234558508849, "ffn_hidden_size": 2026, "ffn_num_layers": 3, "final_lr": 1.2875929909134577e-07, "hidden_size": 1638, "init_lr": 1.4703009933498625e-08, "max_lr": 3.568505095358016e-06, "warmup_epochs": 4}