{"batch_size": 10, "depth": 3, "dropout": 0.0, "ffn_hidden_size": 1208, "ffn_num_layers": 3, "final_lr": 0.0001520432944134842, "hidden_size": 1863, "init_lr": 2.054145853659726e-06, "max_lr": 0.001, "warmup_epochs": 5}