{"batch_size": 21, "depth": 4, "dropout": 0.1342011196275795, "ffn_hidden_size": 2400, "ffn_num_layers": 2, "final_lr": 4.888612388674465e-05, "hidden_size": 2068, "init_lr": 5.752490341793584e-07, "max_lr": 0.0002782810416335308, "warmup_epochs": 5}