{"batch_size": 75, "depth": 2, "dropout": 0.16819120153612854, "ffn_hidden_size": 1996, "ffn_num_layers": 2, "final_lr": 1.136986786919206e-05, "hidden_size": 1268, "init_lr": 1.1318318474281032e-05, "max_lr": 0.0008204104642776787, "warmup_epochs": 4}