{"batch_size": 10, "depth": 4, "dropout": 0.17558313906982345, "ffn_hidden_size": 1196, "ffn_num_layers": 3, "final_lr": 7.860093781975085e-05, "hidden_size": 1580, "init_lr": 0.00011244318009997487, "max_lr": 0.0004488461811904614, "warmup_epochs": 6}