{"batch_size": 55, "depth": 4, "dropout": 0.21064415970189018, "ffn_hidden_size": 2400, "ffn_num_layers": 3, "final_lr": 6.444352447011059e-06, "hidden_size": 2191, "init_lr": 3.2318129001736496e-05, "max_lr": 0.0006042278655237716, "warmup_epochs": 3}