{"batch_size": 56, "depth": 5, "dropout": 0.20896419214535608, "ffn_hidden_size": 1337, "ffn_num_layers": 3, "final_lr": 0.00021722749637268055, "hidden_size": 1626, "init_lr": 4.33070274854122e-05, "max_lr": 0.0006185723227520442, "warmup_epochs": 3}