{"batch_size": 49, "depth": 5, "dropout": 0.002875279654981928, "ffn_hidden_size": 597, "ffn_num_layers": 2, "final_lr": 4.384645609852434e-06, "hidden_size": 2324, "init_lr": 0.00044363231426212615, "max_lr": 0.00044363231426212615, "warmup_epochs": 4}