{"batch_size": 33, "depth": 6, "dropout": 0.0, "ffn_hidden_size": 373, "ffn_num_layers": 3, "final_lr": 1.947313779061993e-05, "hidden_size": 1358, "init_lr": 3.0119772295908154e-05, "max_lr": 0.0002630383845615545, "warmup_epochs": 4}