{"batch_size": 59, "depth": 3, "dropout": 0.2327227266946301, "ffn_hidden_size": 1899, "ffn_num_layers": 2, "final_lr": 1.0525559616709134e-08, "hidden_size": 1289, "init_lr": 2.2087676947446385e-08, "max_lr": 4.030852345858393e-06, "warmup_epochs": 4}