{"batch_size": 47, "depth": 4, "dropout": 0.09767763860768659, "ffn_hidden_size": 1449, "ffn_num_layers": 2, "final_lr": 9.585195670053703e-07, "hidden_size": 1391, "init_lr": 3.4078955942775934e-05, "max_lr": 0.00023787885509677598, "warmup_epochs": 6}