{"batch_size": 86, "depth": 6, "dropout": 0.276044536540081, "ffn_hidden_size": 1228, "ffn_num_layers": 3, "final_lr": 2.362952994500661e-06, "hidden_size": 1028, "init_lr": 1.1834310021462782e-07, "max_lr": 1.9843554423673034e-05, "warmup_epochs": 4}