{"batch_size": 22, "depth": 3, "dropout": 0.07428224862533098, "ffn_hidden_size": 1049, "ffn_num_layers": 2, "final_lr": 7.619563448335587e-06, "hidden_size": 2182, "init_lr": 0.0006743559143719365, "max_lr": 0.0006743559143719365, "warmup_epochs": 5}