{"batch_size": 98, "depth": 2, "dropout": 0.029964455652185126, "ffn_hidden_size": 1433, "ffn_num_layers": 1, "final_lr": 2.897931460588031e-08, "hidden_size": 1528, "init_lr": 6.08489840708035e-08, "max_lr": 2.206599568270918e-06, "warmup_epochs": 2}