{"batch_size": 45, "depth": 3, "dropout": 0.3040903583099246, "ffn_hidden_size": 2048, "ffn_num_layers": 3, "final_lr": 0.00019386643583150148, "hidden_size": 2183, "init_lr": 1.6056949544766695e-05, "max_lr": 0.0004108178852297954, "warmup_epochs": 4}