{"batch_size": 49, "depth": 2, "dropout": 0.15929963391238727, "ffn_hidden_size": 1271, "ffn_num_layers": 1, "final_lr": 4.4273101536025436e-07, "hidden_size": 2156, "init_lr": 1.4749382582598992e-05, "max_lr": 1.528865363400604e-05, "warmup_epochs": 6}