{"batch_size": 49, "depth": 3, "dropout": 0.23107179302556335, "ffn_hidden_size": 535, "ffn_num_layers": 1, "final_lr": 9.206855141536176e-08, "hidden_size": 805, "init_lr": 9.158145520943025e-09, "max_lr": 3.9295033690192337e-07, "warmup_epochs": 3}