{"batch_size": 90, "depth": 2, "dropout": 0.3536894393798632, "ffn_hidden_size": 1227, "ffn_num_layers": 1, "final_lr": 8.475424017645014e-09, "hidden_size": 1449, "init_lr": 2.1129690119853587e-07, "max_lr": 5.767114420962495e-07, "warmup_epochs": 4}