{"batch_size": 56, "depth": 3, "dropout": 0.1408444574176078, "ffn_hidden_size": 1851, "ffn_num_layers": 3, "final_lr": 3.0102016773617238e-06, "hidden_size": 1105, "init_lr": 4.02396490311223e-07, "max_lr": 0.00030621142558777994, "warmup_epochs": 5}