{"batch_size": 48, "depth": 2, "dropout": 0.14626213445650765, "ffn_hidden_size": 1034, "ffn_num_layers": 3, "final_lr": 8.227315947845314e-05, "hidden_size": 2172, "init_lr": 3.649135808050849e-07, "max_lr": 0.00029491507258011746, "warmup_epochs": 3}