{"batch_size": 25, "depth": 2, "dropout": 0.05494423640244238, "ffn_hidden_size": 837, "ffn_num_layers": 2, "final_lr": 2.0134779825011575e-07, "hidden_size": 1715, "init_lr": 9.6404523209847e-07, "max_lr": 0.00017321470137823187, "warmup_epochs": 4}