{"batch_size": 18, "depth": 2, "dropout": 0.10507715679003735, "ffn_hidden_size": 1937, "ffn_num_layers": 3, "final_lr": 9.053199157528654e-08, "hidden_size": 324, "init_lr": 1.9054895986981162e-10, "max_lr": 9.928744005836397e-08, "warmup_epochs": 5}