{"batch_size": 92, "depth": 6, "dropout": 0.0, "ffn_hidden_size": 1752, "ffn_num_layers": 3, "final_lr": 0.000616550207440508, "hidden_size": 592, "init_lr": 3.046279511361012e-06, "max_lr": 0.000616550207440508, "warmup_epochs": 5}