{"batch_size": 43, "depth": 3, "dropout": 0.14697088867225902, "ffn_hidden_size": 1964, "ffn_num_layers": 2, "final_lr": 3.6911550033152613e-06, "hidden_size": 1267, "init_lr": 7.727357721971568e-07, "max_lr": 0.0003061995114723313, "warmup_epochs": 5}