{"batch_size": 94, "depth": 2, "dropout": 0.23279601963394927, "ffn_hidden_size": 2142, "ffn_num_layers": 1, "final_lr": 6.209703928848126e-10, "hidden_size": 1316, "init_lr": 5.341692301013547e-10, "max_lr": 1.0948032579101267e-08, "warmup_epochs": 6}