{"batch_size": 10, "depth": 4, "dropout": 0.000976992638190405, "ffn_hidden_size": 300, "ffn_num_layers": 3, "final_lr": 9.103429701089806e-05, "hidden_size": 864, "init_lr": 1.5460440588408317e-06, "max_lr": 9.103429701089806e-05, "warmup_epochs": 2}