{"batch_size": 23, "depth": 2, "dropout": 0.08473831686943167, "ffn_hidden_size": 1661, "ffn_num_layers": 3, "final_lr": 3.0367388506087763e-06, "hidden_size": 1286, "init_lr": 4.608544601984704e-07, "max_lr": 0.0004608544601984704, "warmup_epochs": 2}