{"batch_size": 67, "depth": 4, "dropout": 0.22097967292897816, "ffn_hidden_size": 1441, "ffn_num_layers": 3, "final_lr": 0.0002918306782244623, "hidden_size": 1705, "init_lr": 1.8338136864745543e-05, "max_lr": 0.0002918306782244623, "warmup_epochs": 2}