{"batch_size": 62, "depth": 4, "dropout": 0.006385090827805736, "ffn_hidden_size": 300, "ffn_num_layers": 2, "final_lr": 0.0004021367579998333, "hidden_size": 1850, "init_lr": 5.525454750083007e-07, "max_lr": 0.0005199299224614998, "warmup_epochs": 2}