{"batch_size": 10, "depth": 3, "dropout": 0.050498205202866076, "ffn_hidden_size": 1445, "ffn_num_layers": 3, "final_lr": 3.1145735371377684e-05, "hidden_size": 1765, "init_lr": 0.0004802497158610542, "max_lr": 0.0004802497158610542, "warmup_epochs": 4}