{"batch_size": 20, "depth": 2, "dropout": 0.22034891438237397, "ffn_hidden_size": 1930, "ffn_num_layers": 1, "final_lr": 6.236064449316819e-09, "hidden_size": 1635, "init_lr": 1.5043518864959186e-08, "max_lr": 2.5201097978478574e-08, "warmup_epochs": 3}