{"batch_size": 38, "depth": 2, "dropout": 0.17585720793839904, "ffn_hidden_size": 2244, "ffn_num_layers": 3, "final_lr": 4.4235725598431065e-06, "hidden_size": 300, "init_lr": 9.76264741764379e-06, "max_lr": 0.0006298106619276613, "warmup_epochs": 3}