{"batch_size": 76, "depth": 3, "dropout": 0.3962256729273441, "ffn_hidden_size": 1274, "ffn_num_layers": 1, "final_lr": 2.878086773887431e-06, "hidden_size": 899, "init_lr": 3.8685075765925116e-05, "max_lr": 0.0002693608099442616, "warmup_epochs": 3}