{"batch_size": 80, "depth": 5, "dropout": 0.14886273332514152, "ffn_hidden_size": 1078, "ffn_num_layers": 3, "final_lr": 7.293494498074996e-06, "hidden_size": 1221, "init_lr": 4.579594847823041e-06, "max_lr": 7.041322740730858e-05, "warmup_epochs": 5}