{"batch_size": 78, "depth": 2, "dropout": 0.29818033339407296, "ffn_hidden_size": 1898, "ffn_num_layers": 2, "final_lr": 1.347283847421454e-05, "hidden_size": 1923, "init_lr": 9.059186745279155e-07, "max_lr": 0.0004397371644544829, "warmup_epochs": 2}