{"batch_size": 13, "depth": 6, "dropout": 0.0, "ffn_hidden_size": 2195, "ffn_num_layers": 2, "final_lr": 3.949099936699283e-07, "hidden_size": 1418, "init_lr": 3.6303025369086276e-06, "max_lr": 0.00011676926174754907, "warmup_epochs": 3}