{"batch_size": 35, "depth": 4, "dropout": 0.27216360096709724, "ffn_hidden_size": 1569, "ffn_num_layers": 3, "final_lr": 1.214776728831434e-06, "hidden_size": 1010, "init_lr": 6.032567084588538e-05, "max_lr": 0.0005957354770596833, "warmup_epochs": 5}