{"batch_size": 33, "depth": 5, "dropout": 0.1966386461191426, "ffn_hidden_size": 1772, "ffn_num_layers": 3, "final_lr": 2.4341745720679613e-06, "hidden_size": 1733, "init_lr": 4.301208347279212e-06, "max_lr": 0.00020265737142576644, "warmup_epochs": 6}