{"batch_size": 20, "depth": 2, "dropout": 0.1561633671715852, "ffn_hidden_size": 2184, "ffn_num_layers": 3, "final_lr": 3.04425566030391e-06, "hidden_size": 455, "init_lr": 9.569960782211849e-06, "max_lr": 0.0006299553926778908, "warmup_epochs": 2}