{"batch_size": 17, "depth": 4, "dropout": 0.002646773207000008, "ffn_hidden_size": 1169, "ffn_num_layers": 3, "final_lr": 5.2583283870665775e-06, "hidden_size": 2014, "init_lr": 0.00032241543358019003, "max_lr": 0.00032241543358019003, "warmup_epochs": 5}