{"batch_size": 10, "depth": 5, "dropout": 0.11548436486348337, "ffn_hidden_size": 798, "ffn_num_layers": 3, "final_lr": 0.0002644497572666503, "hidden_size": 1999, "init_lr": 8.12321498954475e-06, "max_lr": 0.0005189757655755547, "warmup_epochs": 6}