{"batch_size": 71, "depth": 5, "dropout": 0.3082503134886891, "ffn_hidden_size": 1314, "ffn_num_layers": 3, "final_lr": 6.172087559276965e-05, "hidden_size": 1922, "init_lr": 0.0002525675815810201, "max_lr": 0.000991029574415288, "warmup_epochs": 2}