{"batch_size": 39, "depth": 4, "dropout": 0.0, "ffn_hidden_size": 300, "ffn_num_layers": 2, "final_lr": 1.2433148837599857e-05, "hidden_size": 2400, "init_lr": 5.200447856200124e-07, "max_lr": 0.00029458765867652805, "warmup_epochs": 6}