{"batch_size": 10, "depth": 6, "dropout": 0.08220334296339969, "ffn_hidden_size": 576, "ffn_num_layers": 3, "final_lr": 0.00018686420777552442, "hidden_size": 1657, "init_lr": 4.61156179240814e-06, "max_lr": 0.0003326406622259225, "warmup_epochs": 6}