{"batch_size": 80, "depth": 5, "dropout": 0.023501890805395664, "ffn_hidden_size": 386, "ffn_num_layers": 3, "final_lr": 3.14086530156911e-05, "hidden_size": 2259, "init_lr": 1.637064950500432e-05, "max_lr": 0.00044413923884784946, "warmup_epochs": 5}