{"batch_size": 94, "depth": 5, "dropout": 0.03471554600147986, "ffn_hidden_size": 2217, "ffn_num_layers": 3, "final_lr": 1.2466381919925977e-06, "hidden_size": 623, "init_lr": 2.2588265403351138e-07, "max_lr": 5.680084863285808e-06, "warmup_epochs": 4}