{"batch_size": 39, "depth": 3, "dropout": 0.028864424612379615, "ffn_hidden_size": 1584, "ffn_num_layers": 1, "final_lr": 1.3109977875884616e-05, "hidden_size": 1642, "init_lr": 1.822769887392346e-06, "max_lr": 0.0005061686079308601, "warmup_epochs": 6}