{"batch_size": 40, "depth": 3, "dropout": 0.3846705853612909, "ffn_hidden_size": 1820, "ffn_num_layers": 1, "final_lr": 0.00041514458471192026, "hidden_size": 608, "init_lr": 1.0717199375063846e-05, "max_lr": 0.0007600556799156502, "warmup_epochs": 6}