{"batch_size": 92, "depth": 5, "dropout": 0.2935935940398189, "ffn_hidden_size": 1066, "ffn_num_layers": 2, "final_lr": 1.584981487148854e-06, "hidden_size": 1963, "init_lr": 0.0006384420481133831, "max_lr": 0.0009407045991546645, "warmup_epochs": 3}