{"batch_size": 30, "depth": 6, "dropout": 0.0, "ffn_hidden_size": 2400, "ffn_num_layers": 3, "final_lr": 0.0001551515829431642, "hidden_size": 1193, "init_lr": 1.6381552824776762e-07, "max_lr": 0.00015889061775722636, "warmup_epochs": 6}