{"batch_size": 20, "depth": 2, "dropout": 0.17100709701899064, "ffn_hidden_size": 1823, "ffn_num_layers": 3, "final_lr": 0.00019349195044232536, "hidden_size": 1709, "init_lr": 0.0001849662670139332, "max_lr": 0.0007622920483352318, "warmup_epochs": 6}