{"batch_size": 44, "depth": 2, "dropout": 0.04793304690932528, "ffn_hidden_size": 1328, "ffn_num_layers": 1, "final_lr": 6.878919903026438e-08, "hidden_size": 1961, "init_lr": 9.572338465733706e-09, "max_lr": 6.96559467018765e-08, "warmup_epochs": 4}