{"batch_size": 10, "depth": 4, "dropout": 0.10369711234969917, "ffn_hidden_size": 2400, "ffn_num_layers": 3, "final_lr": 2.9755697406927685e-05, "hidden_size": 1604, "init_lr": 7.4608621132521915e-06, "max_lr": 0.00012052046893777929, "warmup_epochs": 5}