{"batch_size": 68, "depth": 4, "dropout": 0.3398863360384432, "ffn_hidden_size": 300, "ffn_num_layers": 3, "final_lr": 3.167232671609725e-05, "hidden_size": 2400, "init_lr": 8.816035205849691e-06, "max_lr": 0.00038013940092598646, "warmup_epochs": 4}