{"batch_size": 15, "depth": 2, "dropout": 0.28281702281022225, "ffn_hidden_size": 2347, "ffn_num_layers": 3, "final_lr": 1.521497099254195e-06, "hidden_size": 2159, "init_lr": 5.990630191699178e-08, "max_lr": 1.690711896060087e-06, "warmup_epochs": 2}