{"batch_size": 10, "depth": 6, "dropout": 0.10396665720475379, "ffn_hidden_size": 940, "ffn_num_layers": 3, "final_lr": 0.00015673538617506967, "hidden_size": 1226, "init_lr": 1.7289040138111991e-07, "max_lr": 0.00015673538617506967, "warmup_epochs": 5}