{"batch_size": 68, "depth": 5, "dropout": 0.2741138319381152, "ffn_hidden_size": 1797, "ffn_num_layers": 2, "final_lr": 2.752323121685015e-05, "hidden_size": 1379, "init_lr": 5.010625408478129e-05, "max_lr": 0.00036829980955065085, "warmup_epochs": 2}