{"batch_size": 35, "depth": 3, "dropout": 0.16633769147965288, "ffn_hidden_size": 2274, "ffn_num_layers": 3, "final_lr": 0.001, "hidden_size": 1286, "init_lr": 0.0003482583387595774, "max_lr": 0.001, "warmup_epochs": 2}