{"batch_size": 90, "depth": 6, "dropout": 0.0002060518907711158, "ffn_hidden_size": 750, "ffn_num_layers": 3, "final_lr": 0.0009079107070872846, "hidden_size": 1129, "init_lr": 4.017013313050491e-05, "max_lr": 0.0009332168801943538, "warmup_epochs": 2}