{"batch_size": 28, "depth": 3, "dropout": 0.36927560892487354, "ffn_hidden_size": 1949, "ffn_num_layers": 3, "final_lr": 4.08659794885046e-08, "hidden_size": 1476, "init_lr": 1.384744732832635e-09, "max_lr": 8.305010135990167e-07, "warmup_epochs": 5}