{"batch_size": 44, "depth": 4, "dropout": 0.19700907776657317, "ffn_hidden_size": 1700, "ffn_num_layers": 2, "final_lr": 3.1272242650904755e-06, "hidden_size": 1257, "init_lr": 5.723948298045169e-07, "max_lr": 0.00030621142558777994, "warmup_epochs": 5}