{"batch_size": 49, "depth": 5, "dropout": 0.0, "ffn_hidden_size": 1099, "ffn_num_layers": 3, "final_lr": 0.00011093077046808976, "hidden_size": 992, "init_lr": 6.682772600586452e-07, "max_lr": 0.0004676882850114698, "warmup_epochs": 2}