{"batch_size": 17, "depth": 5, "dropout": 0.2855265983216931, "ffn_hidden_size": 2059, "ffn_num_layers": 3, "final_lr": 3.052632474033099e-06, "hidden_size": 1626, "init_lr": 4.583301914368907e-06, "max_lr": 0.00020272881115801364, "warmup_epochs": 6}