{"batch_size": 42, "depth": 2, "dropout": 0.00034010122471023424, "ffn_hidden_size": 2102, "ffn_num_layers": 1, "final_lr": 2.587917091882584e-10, "hidden_size": 1958, "init_lr": 2.0669981931589788e-09, "max_lr": 1.2170330404005328e-07, "warmup_epochs": 3}