{"batch_size": 34, "depth": 5, "dropout": 0.39908356771963555, "ffn_hidden_size": 1495, "ffn_num_layers": 3, "final_lr": 7.272234790428372e-05, "hidden_size": 2003, "init_lr": 6.041806535113446e-05, "max_lr": 0.00019273131512019821, "warmup_epochs": 3}