{"batch_size": 23, "depth": 5, "dropout": 0.2619272125310508, "ffn_hidden_size": 1063, "ffn_num_layers": 3, "final_lr": 1.6153117300404745e-08, "hidden_size": 2318, "init_lr": 2.6391211101836203e-08, "max_lr": 5.78924653277172e-08, "warmup_epochs": 3}