{"batch_size": 52, "depth": 3, "dropout": 0.10750010202658364, "ffn_hidden_size": 2108, "ffn_num_layers": 3, "final_lr": 1.8540241522094535e-05, "hidden_size": 2237, "init_lr": 1.5854406273603224e-05, "max_lr": 0.001, "warmup_epochs": 3}