{"batch_size": 36, "depth": 2, "dropout": 0.37468957857523, "ffn_hidden_size": 988, "ffn_num_layers": 1, "final_lr": 5.265298746427868e-08, "hidden_size": 2041, "init_lr": 1.0106438745162072e-08, "max_lr": 2.876617313546376e-07, "warmup_epochs": 3}