{"batch_size": 44, "depth": 4, "dropout": 0.25430903185601456, "ffn_hidden_size": 2391, "ffn_num_layers": 3, "final_lr": 6.399689955911132e-05, "hidden_size": 2400, "init_lr": 5.5809436161588145e-06, "max_lr": 0.0002084579509350917, "warmup_epochs": 4}