{"batch_size": 10, "depth": 4, "dropout": 0.30178151355223304, "ffn_hidden_size": 2400, "ffn_num_layers": 3, "final_lr": 1.7700813701908136e-06, "hidden_size": 1780, "init_lr": 5.003531782389791e-06, "max_lr": 0.00020272881115801364, "warmup_epochs": 6}