{"batch_size": 73, "depth": 5, "dropout": 0.06971142065697417, "ffn_hidden_size": 1108, "ffn_num_layers": 3, "final_lr": 0.00038766445091215383, "hidden_size": 2400, "init_lr": 3.2032571990341696e-05, "max_lr": 0.00038766445091215383, "warmup_epochs": 4}