{"batch_size": 47, "depth": 2, "dropout": 0.1305378744327074, "ffn_hidden_size": 1602, "ffn_num_layers": 2, "final_lr": 0.00022376359896733683, "hidden_size": 455, "init_lr": 5.995402347554324e-07, "max_lr": 0.00024446379578569336, "warmup_epochs": 4}