{"batch_size": 29, "depth": 5, "dropout": 0.060704082708501014, "ffn_hidden_size": 2111, "ffn_num_layers": 2, "final_lr": 0.0002273973955214117, "hidden_size": 2400, "init_lr": 1.7348344059004584e-05, "max_lr": 0.0004866599922434632, "warmup_epochs": 4}