{"batch_size": 17, "depth": 3, "dropout": 0.15886830451669529, "ffn_hidden_size": 2400, "ffn_num_layers": 2, "final_lr": 5.3869052990045425e-05, "hidden_size": 1994, "init_lr": 3.872919151083431e-06, "max_lr": 0.0006164986346003512, "warmup_epochs": 2}