{"batch_size": 100, "depth": 6, "dropout": 0.022737040617253384, "ffn_hidden_size": 300, "ffn_num_layers": 3, "final_lr": 2.6992695175046443e-05, "hidden_size": 2095, "init_lr": 1.634351260852009e-05, "max_lr": 0.001, "warmup_epochs": 6}