{"batch_size": 70, "depth": 5, "dropout": 0.14754017880944068, "ffn_hidden_size": 968, "ffn_num_layers": 3, "final_lr": 0.00048057461184176, "hidden_size": 2133, "init_lr": 7.411964910661085e-05, "max_lr": 0.00048057461184176, "warmup_epochs": 5}