{"batch_size": 10, "depth": 3, "dropout": 0.4, "ffn_hidden_size": 2400, "ffn_num_layers": 2, "final_lr": 2.8730447716347897e-05, "hidden_size": 629, "init_lr": 7.897299971236211e-06, "max_lr": 0.00028765636362565, "warmup_epochs": 5}