{
    "batch_size": 10,
    "depth": 6,
    "dropout": 0.0,
    "ffn_hidden_size": 1200,
    "ffn_num_layers": 3,
    "final_lr": 0.0009093353551999118,
    "hidden_size": 813,
    "init_lr": 3.3089084997394724e-05,
    "max_lr": 0.0009093353551999118,
    "warmup_epochs": 2
}