{"batch_size": 10, "depth": 6, "dropout": 0.3246279605429642, "ffn_hidden_size": 889, "ffn_num_layers": 2, "final_lr": 0.000128286138956596, "hidden_size": 2400, "init_lr": 0.0009085056647952955, "max_lr": 0.0009085056647952955, "warmup_epochs": 6}