{"batch_size": 19, "depth": 6, "dropout": 0.39973573320939304, "ffn_hidden_size": 528, "ffn_num_layers": 3, "final_lr": 0.0002112975108420883, "hidden_size": 2023, "init_lr": 0.000551775538618763, "max_lr": 0.0007425737791574002, "warmup_epochs": 5}