{"batch_size": 50, "depth": 3, "dropout": 0.16894781694424224, "ffn_hidden_size": 1929, "ffn_num_layers": 3, "final_lr": 2.749440165306531e-06, "hidden_size": 1413, "init_lr": 7.29499027388126e-07, "max_lr": 0.00030621142558777994, "warmup_epochs": 5}