{"batch_size": 10, "depth": 6, "dropout": 0.0, "ffn_hidden_size": 1308, "ffn_num_layers": 3, "final_lr": 9.772402263306755e-07, "hidden_size": 2400, "init_lr": 9.772402263306755e-07, "max_lr": 0.0009772402263306754, "warmup_epochs": 2}