{"batch_size": 10, "depth": 2, "dropout": 0.08618509355890586, "ffn_hidden_size": 300, "ffn_num_layers": 3, "final_lr": 0.00032599508883168787, "hidden_size": 2400, "init_lr": 0.00019821712772587693, "max_lr": 0.00032599508883168787, "warmup_epochs": 2}