{"batch_size": 13, "depth": 6, "dropout": 0.03901016634312614, "ffn_hidden_size": 1781, "ffn_num_layers": 2, "final_lr": 5.303821633636421e-07, "hidden_size": 1396, "init_lr": 4.36910064964644e-06, "max_lr": 0.00011676926174754907, "warmup_epochs": 2}