{"batch_size": 81, "depth": 4, "dropout": 0.15849565011893185, "ffn_hidden_size": 891, "ffn_num_layers": 3, "final_lr": 3.8698730443791295e-06, "hidden_size": 522, "init_lr": 3.1925623508653464e-06, "max_lr": 0.0004917243321477103, "warmup_epochs": 6}