{"batch_size": 52, "depth": 5, "dropout": 0.09314127158130485, "ffn_hidden_size": 328, "ffn_num_layers": 3, "final_lr": 5.0591143455757565e-06, "hidden_size": 624, "init_lr": 5.517195669354114e-07, "max_lr": 0.00021985761280939105, "warmup_epochs": 2}