{"batch_size": 21, "depth": 6, "dropout": 0.04998735400456876, "ffn_hidden_size": 300, "ffn_num_layers": 2, "final_lr": 6.228943479124985e-05, "hidden_size": 300, "init_lr": 5.726601226652307e-07, "max_lr": 0.00011255073897665478, "warmup_epochs": 6}