{"batch_size": 32, "depth": 2, "dropout": 0.29752058440267787, "ffn_hidden_size": 1856, "ffn_num_layers": 3, "final_lr": 0.0001597579734713397, "hidden_size": 1644, "init_lr": 0.00013867220902844506, "max_lr": 0.0006582711477026058, "warmup_epochs": 4}