{"batch_size": 10, "depth": 6, "dropout": 0.0, "ffn_hidden_size": 1947, "ffn_num_layers": 1, "final_lr": 2.547388137149444e-05, "hidden_size": 2339, "init_lr": 1.3993025205188534e-05, "max_lr": 0.001, "warmup_epochs": 3}