{"batch_size": 28, "depth": 3, "dropout": 0.025002043978430283, "ffn_hidden_size": 799, "ffn_num_layers": 2, "final_lr": 2.5494405964201475e-07, "hidden_size": 1579, "init_lr": 6.718051968556917e-07, "max_lr": 0.00017316535290386943, "warmup_epochs": 5}