{"batch_size": 27, "depth": 6, "dropout": 0.00325135720238124, "ffn_hidden_size": 2195, "ffn_num_layers": 3, "final_lr": 8.758646871662127e-05, "hidden_size": 2368, "init_lr": 1.2750075380596856e-06, "max_lr": 0.00013153762554808546, "warmup_epochs": 6}