{"batch_size": 68, "depth": 6, "dropout": 0.23681679686199994, "ffn_hidden_size": 1170, "ffn_num_layers": 1, "final_lr": 2.1846996149491628e-07, "hidden_size": 1309, "init_lr": 2.1024391132267357e-08, "max_lr": 2.801146596993108e-06, "warmup_epochs": 2}