{"batch_size": 74, "depth": 5, "dropout": 0.041757750254525994, "ffn_hidden_size": 1569, "ffn_num_layers": 3, "final_lr": 0.00026897352081626933, "hidden_size": 2400, "init_lr": 1.9477957062690288e-06, "max_lr": 0.00028758303641486017, "warmup_epochs": 6}