{"batch_size": 51, "depth": 5, "dropout": 0.004479488450374576, "ffn_hidden_size": 2213, "ffn_num_layers": 2, "final_lr": 2.5053601882073555e-06, "hidden_size": 918, "init_lr": 2.2097835192973624e-06, "max_lr": 3.084242292026521e-05, "warmup_epochs": 6}