{"batch_size": 50, "depth": 4, "dropout": 0.2448727796408648, "ffn_hidden_size": 1593, "ffn_num_layers": 3, "final_lr": 0.0001530524833084454, "hidden_size": 1374, "init_lr": 0.0009968093954926716, "max_lr": 0.001, "warmup_epochs": 4}