{"batch_size": 25, "depth": 5, "dropout": 0.30124346232071547, "ffn_hidden_size": 2175, "ffn_num_layers": 3, "final_lr": 1.5200746910515795e-06, "hidden_size": 1663, "init_lr": 7.194147967210152e-06, "max_lr": 0.00020265737142576644, "warmup_epochs": 6}