{"batch_size": 56, "depth": 4, "dropout": 0.1318207138858225, "ffn_hidden_size": 1738, "ffn_num_layers": 2, "final_lr": 0.00015188020104765987, "hidden_size": 2181, "init_lr": 5.823306437066129e-06, "max_lr": 0.0007461485996306356, "warmup_epochs": 3}