{"batch_size": 78, "depth": 6, "dropout": 0.07566698634504658, "ffn_hidden_size": 689, "ffn_num_layers": 2, "final_lr": 1.9821415419709312e-05, "hidden_size": 326, "init_lr": 4.4940336967054e-07, "max_lr": 0.00018131303087169423, "warmup_epochs": 4}