{"batch_size": 52, "depth": 5, "dropout": 0.08045860365116705, "ffn_hidden_size": 543, "ffn_num_layers": 3, "final_lr": 5.640656706678342e-06, "hidden_size": 1879, "init_lr": 9.140080108314985e-07, "max_lr": 0.00046087233493936826, "warmup_epochs": 3}