{
    "batch_size": 28,
    "depth": 4,
    "dropout": 0.2116757644384116,
    "ffn_hidden_size": 915,
    "ffn_num_layers": 3,
    "final_lr": 0.00010649957150759498,
    "hidden_size": 1074,
    "init_lr": 0.00024171064786437227,
    "max_lr": 0.0003090364475159828,
    "warmup_epochs": 2
}