{"batch_size": 72, "depth": 6, "dropout": 0.2151007195153783, "ffn_hidden_size": 2261, "ffn_num_layers": 2, "final_lr": 2.0350534388112772e-06, "hidden_size": 1360, "init_lr": 3.025636541682138e-06, "max_lr": 0.00039194911818619314, "warmup_epochs": 5}