{"batch_size": 67, "depth": 2, "dropout": 0.25915035702181516, "ffn_hidden_size": 641, "ffn_num_layers": 2, "final_lr": 2.7106092636323143e-08, "hidden_size": 698, "init_lr": 3.760694428191007e-10, "max_lr": 8.149146825475018e-08, "warmup_epochs": 6}