{"batch_size": 25, "depth": 6, "dropout": 0.05310328379427098, "ffn_hidden_size": 300, "ffn_num_layers": 3, "final_lr": 6.128135075444574e-05, "hidden_size": 562, "init_lr": 1.2290292942093092e-06, "max_lr": 0.00011255073897665478, "warmup_epochs": 6}