{"batch_size": 37, "depth": 4, "dropout": 0.0, "ffn_hidden_size": 2400, "ffn_num_layers": 3, "final_lr": 0.0007884745589789115, "hidden_size": 2391, "init_lr": 5.6420329685480066e-05, "max_lr": 0.0007884745589789115, "warmup_epochs": 4}