{"batch_size": 27, "depth": 3, "dropout": 0.11844154650350931, "ffn_hidden_size": 2267, "ffn_num_layers": 3, "final_lr": 6.239054263779236e-05, "hidden_size": 749, "init_lr": 7.91064307864739e-07, "max_lr": 0.00029173427201038794, "warmup_epochs": 4}