{"batch_size": 54, "depth": 5, "dropout": 0.29609978382784796, "ffn_hidden_size": 2253, "ffn_num_layers": 2, "final_lr": 0.0001836980363096875, "hidden_size": 1812, "init_lr": 9.49944212714247e-06, "max_lr": 0.0001836980363096875, "warmup_epochs": 3}