{"batch_size": 70, "depth": 6, "dropout": 0.2507533361132786, "ffn_hidden_size": 1522, "ffn_num_layers": 3, "final_lr": 5.1881978315252357e-05, "hidden_size": 1698, "init_lr": 0.00019901221350074176, "max_lr": 0.000990660842450378, "warmup_epochs": 2}