{"batch_size": 35, "depth": 6, "dropout": 0.27350685793576784, "ffn_hidden_size": 957, "ffn_num_layers": 1, "final_lr": 7.777282457036996e-05, "hidden_size": 304, "init_lr": 1.4115728153935371e-05, "max_lr": 0.00010389585529913895, "warmup_epochs": 2}