{"batch_size": 53, "depth": 4, "dropout": 0.0, "ffn_hidden_size": 2400, "ffn_num_layers": 2, "final_lr": 0.0001006068521315918, "hidden_size": 1721, "init_lr": 0.0002844602018212238, "max_lr": 0.001, "warmup_epochs": 2}