{"batch_size": 19, "depth": 4, "dropout": 0.2752772557248594, "ffn_hidden_size": 2400, "ffn_num_layers": 3, "final_lr": 3.006006218448356e-05, "hidden_size": 1894, "init_lr": 6.609509533635773e-07, "max_lr": 8.012689212648869e-05, "warmup_epochs": 5}