{"batch_size": 72, "depth": 3, "dropout": 0.26484434289122116, "ffn_hidden_size": 1643, "ffn_num_layers": 3, "final_lr": 0.0002046474170626136, "hidden_size": 2372, "init_lr": 8.765159321348889e-07, "max_lr": 0.0002046474170626136, "warmup_epochs": 3}