{"batch_size": 50, "depth": 5, "dropout": 0.3558126545232638, "ffn_hidden_size": 1599, "ffn_num_layers": 2, "final_lr": 5.874917392336544e-08, "hidden_size": 724, "init_lr": 1.2798712911586927e-07, "max_lr": 1.9640708832275324e-06, "warmup_epochs": 6}