{"batch_size": 74, "depth": 4, "dropout": 0.3422097706507462, "ffn_hidden_size": 451, "ffn_num_layers": 2, "final_lr": 1.1636748422796678e-07, "hidden_size": 1283, "init_lr": 3.0143428151769695e-09, "max_lr": 2.3956618183802407e-06, "warmup_epochs": 5}