{"batch_size": 100, "depth": 5, "dropout": 0.0, "ffn_hidden_size": 1142, "ffn_num_layers": 3, "final_lr": 2.157576526837397e-05, "hidden_size": 2400, "init_lr": 4.224592612896194e-05, "max_lr": 0.0004516310696241213, "warmup_epochs": 3}