{
  "batch_size": 11,
  "depth": 6,
  "dropout": 0.06790372713903613,
  "ffn_hidden_size": 320,
  "ffn_num_layers": 3,
  "final_lr": 0.00028231183,
  "hidden_size": 1913,
  "init_lr": 0.0000084373,
  "max_lr": 0.00033853719419582986,
  "warmup_epochs": 4
}
