{"batch_size": 10, "depth": 3, "dropout": 0.06548143068900163, "ffn_hidden_size": 1677, "ffn_num_layers": 3, "final_lr": 0.00015732006031520367, "hidden_size": 1246, "init_lr": 4.046862906821146e-06, "max_lr": 0.0008798080613432133, "warmup_epochs": 4}