{"batch_size": 55, "depth": 6, "dropout": 0.3271046019539652, "ffn_hidden_size": 1011, "ffn_num_layers": 1, "final_lr": 1.4939670772223015e-07, "hidden_size": 2203, "init_lr": 8.846208893578138e-06, "max_lr": 7.531082394533263e-05, "warmup_epochs": 4}