{"batch_size": 40, "depth": 3, "dropout": 0.1117083888910488, "ffn_hidden_size": 1904, "ffn_num_layers": 2, "final_lr": 0.0001231203758382344, "hidden_size": 2091, "init_lr": 3.325838535928853e-06, "max_lr": 0.0005322494754931537, "warmup_epochs": 3}