{"batch_size": 64, "depth": 3, "dropout": 0.0011478598537498757, "ffn_hidden_size": 1860, "ffn_num_layers": 2, "final_lr": 5.7347245687939555e-05, "hidden_size": 2400, "init_lr": 1e-06, "max_lr": 0.001, "warmup_epochs": 4}