{"batch_size": 11, "depth": 2, "dropout": 0.24149041094792184, "ffn_hidden_size": 2400, "ffn_num_layers": 2, "final_lr": 0.001, "hidden_size": 1915, "init_lr": 3.751820126021357e-05, "max_lr": 0.001, "warmup_epochs": 5}