{"batch_size": 50, "depth": 6, "dropout": 0.17059400559503837, "ffn_hidden_size": 1542, "ffn_num_layers": 3, "final_lr": 0.0004151505388802307, "hidden_size": 1661, "init_lr": 0.0001521527541014911, "max_lr": 0.0004151505388802307, "warmup_epochs": 2}