{"batch_size": 51, "depth": 3, "dropout": 0.11434750274305819, "ffn_hidden_size": 1911, "ffn_num_layers": 3, "final_lr": 3.534025589016592e-05, "hidden_size": 1897, "init_lr": 5.014491886806871e-06, "max_lr": 0.0006059770165356027, "warmup_epochs": 3}