{"batch_size": 25, "depth": 6, "dropout": 0.022274688609896166, "ffn_hidden_size": 2140, "ffn_num_layers": 3, "final_lr": 7.384619972547479e-05, "hidden_size": 300, "init_lr": 0.00031749192501636194, "max_lr": 0.00031749192501636194, "warmup_epochs": 4}