{"batch_size": 84, "depth": 4, "dropout": 0.0720598561236864, "ffn_hidden_size": 2065, "ffn_num_layers": 2, "final_lr": 1.6056288811489227e-05, "hidden_size": 382, "init_lr": 1.642898987013182e-05, "max_lr": 8.811626860513288e-05, "warmup_epochs": 4}