{"batch_size": 79, "depth": 3, "dropout": 0.1800542712711444, "ffn_hidden_size": 2393, "ffn_num_layers": 3, "final_lr": 0.00035821665106250357, "hidden_size": 2400, "init_lr": 1.1402288864493367e-05, "max_lr": 0.0006378473668066166, "warmup_epochs": 2}