{"batch_size": 43, "depth": 6, "dropout": 0.320275158055071, "ffn_hidden_size": 1129, "ffn_num_layers": 1, "final_lr": 2.944126454242329e-09, "hidden_size": 1194, "init_lr": 3.436914910263046e-11, "max_lr": 2.010667697092172e-08, "warmup_epochs": 3}