{"batch_size": 51, "depth": 5, "dropout": 0.3435588240260181, "ffn_hidden_size": 300, "ffn_num_layers": 3, "final_lr": 2.2555512378717213e-05, "hidden_size": 2400, "init_lr": 7.27517397298273e-06, "max_lr": 0.00038013940092598646, "warmup_epochs": 5}