{"batch_size": 50, "depth": 5, "dropout": 0.12806185957012753, "ffn_hidden_size": 1653, "ffn_num_layers": 2, "final_lr": 1.4447797897731473e-06, "hidden_size": 1369, "init_lr": 3.972571377544457e-05, "max_lr": 0.00023781440325954634, "warmup_epochs": 6}