{"batch_size": 69, "depth": 6, "dropout": 0.01937384802508817, "ffn_hidden_size": 878, "ffn_num_layers": 2, "final_lr": 1.6131183042948083e-05, "hidden_size": 326, "init_lr": 4.666569851115016e-07, "max_lr": 0.00018131303087169428, "warmup_epochs": 3}