{"batch_size": 24, "depth": 4, "dropout": 0.22624296866753882, "ffn_hidden_size": 1039, "ffn_num_layers": 1, "final_lr": 5.76033690004676e-07, "hidden_size": 2400, "init_lr": 4.15679993304727e-07, "max_lr": 8.455092201064657e-07, "warmup_epochs": 5}