{"batch_size": 92, "depth": 5, "dropout": 0.1672531724686553, "ffn_hidden_size": 1348, "ffn_num_layers": 2, "final_lr": 8.319543671667386e-06, "hidden_size": 1139, "init_lr": 3.3494695524694307e-06, "max_lr": 7.0458124848722e-05, "warmup_epochs": 6}