{"batch_size": 76, "depth": 4, "dropout": 0.07349626827909968, "ffn_hidden_size": 1390, "ffn_num_layers": 1, "final_lr": 2.383005136496324e-06, "hidden_size": 300, "init_lr": 6.300529555542873e-06, "max_lr": 0.00016207427410582114, "warmup_epochs": 3}