{"batch_size": 55, "depth": 2, "dropout": 0.1298755867048882, "ffn_hidden_size": 1794, "ffn_num_layers": 3, "final_lr": 7.967306239560751e-08, "hidden_size": 1426, "init_lr": 2.1907379624422307e-08, "max_lr": 9.789067822379543e-07, "warmup_epochs": 4}