{"batch_size": 50, "depth": 5, "dropout": 0.05613404767397567, "ffn_hidden_size": 2078, "ffn_num_layers": 3, "final_lr": 0.00011427954587863046, "hidden_size": 1305, "init_lr": 6.303188559296131e-05, "max_lr": 0.0004678863343073806, "warmup_epochs": 3}