{"batch_size": 75, "depth": 4, "dropout": 0.24282510604285737, "ffn_hidden_size": 1722, "ffn_num_layers": 1, "final_lr": 1.8119572683089398e-08, "hidden_size": 1455, "init_lr": 8.657726623668663e-09, "max_lr": 6.990977919453585e-08, "warmup_epochs": 5}