{"batch_size": 35, "depth": 6, "dropout": 0.1901034839042275, "ffn_hidden_size": 2084, "ffn_num_layers": 2, "final_lr": 1.2651891775031027e-09, "hidden_size": 602, "init_lr": 3.0276168197595766e-08, "max_lr": 2.001004383569605e-07, "warmup_epochs": 3}