{"batch_size": 99, "depth": 4, "dropout": 0.04164152156586771, "ffn_hidden_size": 1252, "ffn_num_layers": 2, "final_lr": 6.059614575842204e-07, "hidden_size": 1575, "init_lr": 3.949334836259118e-07, "max_lr": 3.125302488637619e-05, "warmup_epochs": 3}