{"batch_size": 37, "depth": 2, "dropout": 0.1727957473377108, "ffn_hidden_size": 2060, "ffn_num_layers": 2, "final_lr": 3.103552494083765e-06, "hidden_size": 331, "init_lr": 1.2541942448957854e-05, "max_lr": 0.0006298106619276613, "warmup_epochs": 2}