{"batch_size": 28, "depth": 3, "dropout": 0.22328663813916025, "ffn_hidden_size": 1194, "ffn_num_layers": 2, "final_lr": 3.265662551614601e-05, "hidden_size": 2181, "init_lr": 0.0008572006262757714, "max_lr": 0.0008572006262757714, "warmup_epochs": 5}