{"batch_size": 81, "depth": 4, "dropout": 0.0025741385930123477, "ffn_hidden_size": 1147, "ffn_num_layers": 2, "final_lr": 7.060704622703429e-06, "hidden_size": 577, "init_lr": 4.668081442722446e-06, "max_lr": 3.713095051397857e-05, "warmup_epochs": 3}