{
    "batch_size": 10,
    "depth": 6,
    "dropout": 0.004664572343020186,
    "ffn_hidden_size": 1167,
    "ffn_num_layers": 3,
    "final_lr": 0.00027517175722082364,
    "hidden_size": 1200,
    "init_lr": 1.8444509107252342e-05,
    "max_lr": 0.00027517175722082364,
    "warmup_epochs": 3
}