{"batch_size": 87, "depth": 5, "dropout": 0.04057991758477366, "ffn_hidden_size": 1083, "ffn_num_layers": 2, "final_lr": 2.383005136496324e-06, "hidden_size": 536, "init_lr": 7.409632914655079e-06, "max_lr": 0.00016207427410582116, "warmup_epochs": 3}