{"batch_size": 10, "depth": 2, "dropout": 0.2746313043571941, "ffn_hidden_size": 2396, "ffn_num_layers": 3, "final_lr": 0.0006744265501094142, "hidden_size": 1449, "init_lr": 0.0002226620208625028, "max_lr": 0.001, "warmup_epochs": 3}