{"batch_size": 16, "depth": 2, "dropout": 0.026530755232937592, "ffn_hidden_size": 780, "ffn_num_layers": 2, "final_lr": 2.9483246504828214e-07, "hidden_size": 2015, "init_lr": 6.118066211797441e-07, "max_lr": 0.00017321470137823187, "warmup_epochs": 4}