{"batch_size": 45, "depth": 5, "dropout": 0.2382762909489927, "ffn_hidden_size": 1256, "ffn_num_layers": 2, "final_lr": 1.5786622116675838e-06, "hidden_size": 1193, "init_lr": 4.800086770665945e-05, "max_lr": 0.0005954626121476272, "warmup_epochs": 5}