{"batch_size": 54, "depth": 5, "dropout": 0.01967464773987081, "ffn_hidden_size": 1468, "ffn_num_layers": 3, "final_lr": 3.5644373339229488e-09, "hidden_size": 590, "init_lr": 5.015784693986679e-10, "max_lr": 1.2799759342429583e-07, "warmup_epochs": 6}