{"batch_size": 67, "depth": 5, "dropout": 0.3151189836518971, "ffn_hidden_size": 1581, "ffn_num_layers": 3, "final_lr": 9.772580975912455e-10, "hidden_size": 1875, "init_lr": 1.4608208593216791e-08, "max_lr": 3.161252882046257e-08, "warmup_epochs": 3}