{"batch_size": 68, "depth": 2, "dropout": 0.33517095868124686, "ffn_hidden_size": 2115, "ffn_num_layers": 2, "final_lr": 9.396402018625418e-06, "hidden_size": 1893, "init_lr": 9.059186745279156e-07, "max_lr": 0.00043973716445448285, "warmup_epochs": 3}