{"batch_size": 10, "depth": 5, "dropout": 0.0, "ffn_hidden_size": 1118, "ffn_num_layers": 3, "final_lr": 0.0001973090799975798, "hidden_size": 1330, "init_lr": 7.036154710278522e-07, "max_lr": 0.0001973090799975798, "warmup_epochs": 6}