{"batch_size": 100, "depth": 4, "dropout": 0.0, "ffn_hidden_size": 2400, "ffn_num_layers": 3, "final_lr": 0.0009969910367524915, "hidden_size": 2400, "init_lr": 1.0990442511798498e-05, "max_lr": 0.001, "warmup_epochs": 2}