{"batch_size": 10, "depth": 5, "dropout": 0.011012386585878248, "ffn_hidden_size": 929, "ffn_num_layers": 3, "final_lr": 8.322599937772566e-06, "hidden_size": 1704, "init_lr": 0.00034494320121432727, "max_lr": 0.00034494320121432727, "warmup_epochs": 3}