{"batch_size": 33, "depth": 3, "dropout": 0.03579016301871135, "ffn_hidden_size": 2400, "ffn_num_layers": 3, "final_lr": 5.1885007887959216e-05, "hidden_size": 2400, "init_lr": 7.5903159193996325e-06, "max_lr": 0.00048577334790604913, "warmup_epochs": 4}