{"batch_size": 40, "depth": 2, "dropout": 0.10000894768843703, "ffn_hidden_size": 1812, "ffn_num_layers": 3, "final_lr": 2.417724098714173e-06, "hidden_size": 347, "init_lr": 1.040957695119206e-05, "max_lr": 0.0006298106619276613, "warmup_epochs": 3}