{"batch_size": 19, "depth": 6, "dropout": 0.11692741195099855, "ffn_hidden_size": 822, "ffn_num_layers": 2, "final_lr": 2.7080881565354377e-06, "hidden_size": 1251, "init_lr": 1.8257766033765465e-06, "max_lr": 7.548846104346131e-05, "warmup_epochs": 3}