{"batch_size": 68, "depth": 3, "dropout": 0.28330464836697333, "ffn_hidden_size": 1180, "ffn_num_layers": 2, "final_lr": 1.5420215794942023e-06, "hidden_size": 1674, "init_lr": 2.4025902800960527e-08, "max_lr": 8.314706015972351e-06, "warmup_epochs": 6}