{"batch_size": 25, "depth": 6, "dropout": 0.0, "ffn_hidden_size": 1699, "ffn_num_layers": 2, "final_lr": 1.092035836750036e-06, "hidden_size": 1403, "init_lr": 0.0005901554455605614, "max_lr": 0.001, "warmup_epochs": 5}