{"batch_size": 43, "depth": 2, "dropout": 0.0038291203582690343, "ffn_hidden_size": 1613, "ffn_num_layers": 2, "final_lr": 2.482088396514672e-08, "hidden_size": 743, "init_lr": 8.883491390722953e-09, "max_lr": 9.807229689978961e-08, "warmup_epochs": 4}