{"batch_size": 37, "depth": 4, "dropout": 0.0870245237129551, "ffn_hidden_size": 853, "ffn_num_layers": 3, "final_lr": 0.0006443492818768209, "hidden_size": 2400, "init_lr": 7.83722997537668e-07, "max_lr": 0.0007003247387873616, "warmup_epochs": 6}