{"batch_size": 14, "depth": 3, "dropout": 0.05098942524436911, "ffn_hidden_size": 300, "ffn_num_layers": 3, "final_lr": 0.00020290893587359172, "hidden_size": 1753, "init_lr": 9.351458132327926e-06, "max_lr": 0.0003917582244377703, "warmup_epochs": 6}