{"batch_size": 19, "depth": 4, "dropout": 0.17505775975033977, "ffn_hidden_size": 1215, "ffn_num_layers": 3, "final_lr": 0.0008349378952786467, "hidden_size": 1210, "init_lr": 2.1541683328675503e-05, "max_lr": 0.0008455347443179318, "warmup_epochs": 3}