{"batch_size": 55, "depth": 6, "dropout": 0.35953318004331447, "ffn_hidden_size": 1757, "ffn_num_layers": 3, "final_lr": 1.6355370742270638e-06, "hidden_size": 1720, "init_lr": 6.433876881739342e-07, "max_lr": 8.618216605256207e-06, "warmup_epochs": 4}