{"batch_size": 10, "depth": 5, "dropout": 0.08147508018342668, "ffn_hidden_size": 2034, "ffn_num_layers": 2, "final_lr": 0.0003573818062858887, "hidden_size": 2400, "init_lr": 3.357823872705546e-05, "max_lr": 0.0006689894664455774, "warmup_epochs": 3}