{"batch_size": 70, "depth": 3, "dropout": 0.29356148322261216, "ffn_hidden_size": 1928, "ffn_num_layers": 1, "final_lr": 2.1091542781216983e-08, "hidden_size": 782, "init_lr": 9.702809749765275e-08, "max_lr": 3.5880113054019487e-07, "warmup_epochs": 6}