{"batch_size": 43, "depth": 5, "dropout": 0.03469421047119411, "ffn_hidden_size": 300, "ffn_num_layers": 3, "final_lr": 4.3024716828075225e-06, "hidden_size": 674, "init_lr": 7.795193694377102e-07, "max_lr": 0.00021985761280939105, "warmup_epochs": 3}