{"batch_size": 49, "depth": 6, "dropout": 0.07492294900344663, "ffn_hidden_size": 1994, "ffn_num_layers": 1, "final_lr": 7.544550678984345e-08, "hidden_size": 870, "init_lr": 3.4257203135603525e-07, "max_lr": 9.502888425707406e-07, "warmup_epochs": 3}