{"batch_size": 89, "depth": 4, "dropout": 0.178223930358514, "ffn_hidden_size": 1991, "ffn_num_layers": 3, "final_lr": 0.0008713051159548425, "hidden_size": 2400, "init_lr": 6.2602534999181735e-06, "max_lr": 0.0008713051159548425, "warmup_epochs": 3}