{"batch_size": 64, "depth": 4, "dropout": 0.14247091881339155, "ffn_hidden_size": 1616, "ffn_num_layers": 3, "final_lr": 6.924952496920347e-06, "hidden_size": 744, "init_lr": 1.847626775133211e-05, "max_lr": 0.0005427272399911263, "warmup_epochs": 4}