{"batch_size": 10, "depth": 6, "dropout": 0.14381929173669425, "ffn_hidden_size": 706, "ffn_num_layers": 2, "final_lr": 1.2564799403792321e-06, "hidden_size": 1636, "init_lr": 4.1592465765998225e-06, "max_lr": 0.0004615412005659038, "warmup_epochs": 5}