{"batch_size": 24, "depth": 3, "dropout": 0.13723127754612166, "ffn_hidden_size": 1659, "ffn_num_layers": 3, "final_lr": 0.0008374359943277394, "hidden_size": 1300, "init_lr": 8.706532395272861e-07, "max_lr": 0.0008540179524160715, "warmup_epochs": 2}