{"batch_size": 53, "depth": 2, "dropout": 0.11881271694603926, "ffn_hidden_size": 1290, "ffn_num_layers": 2, "final_lr": 0.00022375596177275035, "hidden_size": 1531, "init_lr": 6.864331849866811e-05, "max_lr": 0.00028523494673632094, "warmup_epochs": 4}