{"batch_size": 10, "depth": 5, "dropout": 0.1322620597614109, "ffn_hidden_size": 1442, "ffn_num_layers": 3, "final_lr": 8.28285280965462e-05, "hidden_size": 1488, "init_lr": 5.190127434114698e-06, "max_lr": 0.0004837232430255982, "warmup_epochs": 4}