{"batch_size": 10, "depth": 4, "dropout": 0.032865679446863263, "ffn_hidden_size": 2246, "ffn_num_layers": 3, "final_lr": 2.6796828568067832e-06, "hidden_size": 2400, "init_lr": 1.2536052257959026e-06, "max_lr": 0.000379449266881736, "warmup_epochs": 3}