{"batch_size": 25, "depth": 5, "dropout": 0.0760443312129497, "ffn_hidden_size": 2039, "ffn_num_layers": 1, "final_lr": 9.325688473415808e-08, "hidden_size": 1976, "init_lr": 8.486614217072549e-08, "max_lr": 2.282364671559156e-06, "warmup_epochs": 5}