{"batch_size": 11, "depth": 6, "dropout": 0.2508245359859988, "ffn_hidden_size": 1287, "ffn_num_layers": 2, "final_lr": 2.7289949822666663e-09, "hidden_size": 2261, "init_lr": 2.5604028078609314e-10, "max_lr": 3.473121200322772e-08, "warmup_epochs": 6}