{"batch_size": 36, "depth": 3, "dropout": 0.30588534455371097, "ffn_hidden_size": 1404, "ffn_num_layers": 2, "final_lr": 7.664523894762908e-08, "hidden_size": 843, "init_lr": 5.446766827739991e-07, "max_lr": 3.126966964747907e-06, "warmup_epochs": 4}