{"batch_size": 10, "depth": 3, "dropout": 0.0, "ffn_hidden_size": 2400, "ffn_num_layers": 3, "final_lr": 0.00017822000128812245, "hidden_size": 1144, "init_lr": 2.2931804875821395e-05, "max_lr": 0.00017822000128812245, "warmup_epochs": 3}