{"batch_size": 98, "depth": 5, "dropout": 0.07026175811535718, "ffn_hidden_size": 1128, "ffn_num_layers": 3, "final_lr": 0.0007211801074818885, "hidden_size": 1449, "init_lr": 0.0002204008116943293, "max_lr": 0.0009253344143475046, "warmup_epochs": 6}