{"batch_size": 49, "depth": 4, "dropout": 0.15845467470067887, "ffn_hidden_size": 1972, "ffn_num_layers": 3, "final_lr": 3.901508689971113e-06, "hidden_size": 1363, "init_lr": 5.209805228124234e-07, "max_lr": 0.00030621142558777983, "warmup_epochs": 5}