{"batch_size": 59, "depth": 4, "dropout": 0.057481737945810164, "ffn_hidden_size": 1663, "ffn_num_layers": 3, "final_lr": 3.239817952042064e-05, "hidden_size": 879, "init_lr": 2.6385177357628294e-05, "max_lr": 0.000629237167679326, "warmup_epochs": 6}