{"batch_size": 27, "depth": 5, "dropout": 0.24586818879179134, "ffn_hidden_size": 2231, "ffn_num_layers": 3, "final_lr": 1.0273837248278476e-09, "hidden_size": 1955, "init_lr": 2.3042011091223563e-07, "max_lr": 2.8407321317299016e-07, "warmup_epochs": 4}