{"batch_size": 81, "depth": 6, "dropout": 0.21919532541925402, "ffn_hidden_size": 1181, "ffn_num_layers": 2, "final_lr": 7.491670442086766e-06, "hidden_size": 1229, "init_lr": 4.647382172625853e-06, "max_lr": 7.04095220242806e-05, "warmup_epochs": 6}