{"batch_size": 43, "depth": 4, "dropout": 0.12893832550155593, "ffn_hidden_size": 1866, "ffn_num_layers": 3, "final_lr": 5.864988815317598e-05, "hidden_size": 1346, "init_lr": 3.000403298664152e-06, "max_lr": 0.00012719976705238522, "warmup_epochs": 4}