{"batch_size": 26, "depth": 6, "dropout": 0.24354908143356846, "ffn_hidden_size": 1068, "ffn_num_layers": 2, "final_lr": 0.00011150719928450074, "hidden_size": 2143, "init_lr": 0.0007603866685558773, "max_lr": 0.0009082791273556182, "warmup_epochs": 6}