{"batch_size": 85, "depth": 5, "dropout": 0.0, "ffn_hidden_size": 1579, "ffn_num_layers": 3, "final_lr": 0.0007863854683138158, "hidden_size": 1509, "init_lr": 0.0001976958617841594, "max_lr": 0.0009253344143475046, "warmup_epochs": 6}