{"batch_size": 99, "depth": 4, "dropout": 0.1324407757001772, "ffn_hidden_size": 2398, "ffn_num_layers": 3, "final_lr": 0.00025333145815695425, "hidden_size": 2400, "init_lr": 2.5333145815695425e-07, "max_lr": 0.00025333145815695425, "warmup_epochs": 3}