{"batch_size": 43, "depth": 4, "dropout": 0.009772526294818507, "ffn_hidden_size": 2375, "ffn_num_layers": 3, "final_lr": 1.3789625861114515e-05, "hidden_size": 2114, "init_lr": 1.8387944422388015e-06, "max_lr": 0.0003049450337788324, "warmup_epochs": 4}