{"batch_size": 68, "depth": 3, "dropout": 0.17548885308219866, "ffn_hidden_size": 2251, "ffn_num_layers": 3, "final_lr": 4.487420352822034e-06, "hidden_size": 1965, "init_lr": 3.9809493693559664e-05, "max_lr": 0.0006042468845712907, "warmup_epochs": 3}