{"batch_size": 10, "depth": 6, "dropout": 0.0, "ffn_hidden_size": 311, "ffn_num_layers": 3, "final_lr": 0.00011654200767864636, "hidden_size": 2394, "init_lr": 1.1871639655238176e-07, "max_lr": 0.00011871639655238176, "warmup_epochs": 6}