{"batch_size": 97, "depth": 6, "dropout": 0.1635732485621381, "ffn_hidden_size": 509, "ffn_num_layers": 1, "final_lr": 3.869502802053659e-06, "hidden_size": 1349, "init_lr": 5.016680690055522e-06, "max_lr": 0.0009429009118565786, "warmup_epochs": 4}