{"batch_size": 11, "depth": 6, "dropout": 0.18226477486576906, "ffn_hidden_size": 1601, "ffn_num_layers": 3, "final_lr": 2.004675793946374e-05, "hidden_size": 1272, "init_lr": 2.8926571498057747e-05, "max_lr": 0.0005138481483633067, "warmup_epochs": 2}