{"batch_size": 67, "depth": 6, "dropout": 0.0, "ffn_hidden_size": 1124, "ffn_num_layers": 2, "final_lr": 2.5554587900831237e-05, "hidden_size": 2249, "init_lr": 8.022491717469924e-06, "max_lr": 0.00059477502351222, "warmup_epochs": 5}