{"batch_size": 10, "depth": 5, "dropout": 0.07183401241787844, "ffn_hidden_size": 1605, "ffn_num_layers": 2, "final_lr": 0.00019904567497230392, "hidden_size": 2069, "init_lr": 1.320935449581521e-05, "max_lr": 0.00037138265061843593, "warmup_epochs": 3}