{"batch_size": 41, "depth": 4, "dropout": 0.2791118089535892, "ffn_hidden_size": 1918, "ffn_num_layers": 1, "final_lr": 1.6039748909441295e-08, "hidden_size": 1829, "init_lr": 1.0790669029032958e-07, "max_lr": 2.930093379298363e-06, "warmup_epochs": 6}