{"batch_size": 10, "depth": 3, "dropout": 0.14225679862813964, "ffn_hidden_size": 1457, "ffn_num_layers": 3, "final_lr": 6.245970287117122e-05, "hidden_size": 2299, "init_lr": 0.00025235113549287977, "max_lr": 0.00036969866060714734, "warmup_epochs": 5}