{"batch_size": 10, "depth": 6, "dropout": 0.0, "ffn_hidden_size": 2400, "ffn_num_layers": 3, "final_lr": 3.913706672746084e-06, "hidden_size": 2400, "init_lr": 3.775290831519931e-05, "max_lr": 0.00022937104271005435, "warmup_epochs": 5}