{"batch_size": 43, "depth": 2, "dropout": 0.2610998123771311, "ffn_hidden_size": 764, "ffn_num_layers": 2, "final_lr": 2.908460948735473e-06, "hidden_size": 918, "init_lr": 1.0560567582416546e-08, "max_lr": 4.722907241365722e-06, "warmup_epochs": 2}