{"batch_size": 10, "depth": 5, "dropout": 7.08485342793177e-05, "ffn_hidden_size": 660, "ffn_num_layers": 3, "final_lr": 0.0001187134128478652, "hidden_size": 2377, "init_lr": 0.0001187134128478652, "max_lr": 0.0001187134128478652, "warmup_epochs": 2}