{"batch_size": 23, "depth": 5, "dropout": 0.2750933694232232, "ffn_hidden_size": 2105, "ffn_num_layers": 1, "final_lr": 1.0242559834959179e-06, "hidden_size": 2110, "init_lr": 2.066239547697736e-08, "max_lr": 1.3154452802655095e-06, "warmup_epochs": 2}