{"batch_size": 65, "depth": 3, "dropout": 0.21530621169525693, "ffn_hidden_size": 2234, "ffn_num_layers": 3, "final_lr": 9.372973836124904e-06, "hidden_size": 624, "init_lr": 1.959624866888382e-06, "max_lr": 9.824133911231597e-05, "warmup_epochs": 4}