{"batch_size": 24, "depth": 4, "dropout": 0.3411720357409388, "ffn_hidden_size": 1733, "ffn_num_layers": 1, "final_lr": 3.3279376447066865e-06, "hidden_size": 1254, "init_lr": 1.961339332435471e-07, "max_lr": 0.00016052475030781175, "warmup_epochs": 4}