{"batch_size": 34, "depth": 3, "dropout": 0.29524454485085105, "ffn_hidden_size": 1561, "ffn_num_layers": 3, "final_lr": 9.613787929697553e-05, "hidden_size": 2384, "init_lr": 3.7304099842130026e-06, "max_lr": 0.0005394081092150111, "warmup_epochs": 4}