{"batch_size": 10, "depth": 6, "dropout": 0.09952770770258959, "ffn_hidden_size": 2091, "ffn_num_layers": 1, "final_lr": 3.557629415787787e-07, "hidden_size": 790, "init_lr": 5.306993319391679e-05, "max_lr": 0.00021323980336353655, "warmup_epochs": 2}