{"batch_size": 38, "depth": 4, "dropout": 0.15663767547179416, "ffn_hidden_size": 1279, "ffn_num_layers": 2, "final_lr": 1.186505163642954e-06, "hidden_size": 1474, "init_lr": 5.876209987919842e-05, "max_lr": 0.00023781440325954634, "warmup_epochs": 6}