{"batch_size": 11, "depth": 4, "dropout": 0.0, "ffn_hidden_size": 938, "ffn_num_layers": 2, "final_lr": 0.000997425920275705, "hidden_size": 2400, "init_lr": 9.97425920275705e-07, "max_lr": 0.000997425920275705, "warmup_epochs": 4}