{"batch_size": 87, "depth": 6, "dropout": 0.10006816776752216, "ffn_hidden_size": 1379, "ffn_num_layers": 3, "final_lr": 6.93279551971413e-08, "hidden_size": 903, "init_lr": 4.255846017231733e-06, "max_lr": 5.274469490313885e-06, "warmup_epochs": 2}