{"batch_size": 10, "depth": 6, "dropout": 0.08007562954679216, "ffn_hidden_size": 737, "ffn_num_layers": 3, "final_lr": 7.625037157397071e-05, "hidden_size": 2400, "init_lr": 4.049487323793569e-05, "max_lr": 0.0002644552187189146, "warmup_epochs": 4}