{"batch_size": 11, "depth": 5, "dropout": 0.30113844637753023, "ffn_hidden_size": 1396, "ffn_num_layers": 3, "final_lr": 1.6264430353854132e-08, "hidden_size": 952, "init_lr": 2.5133284520696542e-08, "max_lr": 7.004728033077301e-08, "warmup_epochs": 5}