{"batch_size": 69, "depth": 6, "dropout": 0.11100809518059174, "ffn_hidden_size": 1478, "ffn_num_layers": 2, "final_lr": 4.284084593437194e-08, "hidden_size": 1090, "init_lr": 7.281691335418169e-10, "max_lr": 5.979632502265928e-07, "warmup_epochs": 3}