{"batch_size": 51, "depth": 4, "dropout": 0.012832641257977088, "ffn_hidden_size": 1515, "ffn_num_layers": 2, "final_lr": 4.162639816854394e-05, "hidden_size": 2396, "init_lr": 5.1214119327996074e-05, "max_lr": 0.0003320029282392946, "warmup_epochs": 4}