{"batch_size": 99, "depth": 3, "dropout": 0.022760156024421253, "ffn_hidden_size": 2086, "ffn_num_layers": 3, "final_lr": 0.00013032412789905866, "hidden_size": 1642, "init_lr": 4.272285512438363e-07, "max_lr": 0.00013032412789905866, "warmup_epochs": 3}