{
    "batch_size": 10,
    "depth": 6,
    "dropout": 0.0779805860979859,
    "ffn_hidden_size": 1050,
    "ffn_num_layers": 2,
    "final_lr": 0.00015309254098257484,
    "hidden_size": 300,
    "init_lr": 3.12301933053768e-05,
    "max_lr": 0.001,
    "warmup_epochs": 6
}