{"batch_size": 63, "depth": 5, "dropout": 0.15117868593848224, "ffn_hidden_size": 913, "ffn_num_layers": 2, "final_lr": 1.3669460363989735e-05, "hidden_size": 2330, "init_lr": 5.416235471020633e-06, "max_lr": 0.0008767223566581047, "warmup_epochs": 5}