{"batch_size": 69, "depth": 2, "dropout": 0.28282592693340386, "ffn_hidden_size": 2307, "ffn_num_layers": 2, "final_lr": 9.884130121384408e-06, "hidden_size": 1985, "init_lr": 4.396718402863155e-07, "max_lr": 0.00043967184028631545, "warmup_epochs": 2}