{"batch_size": 10, "depth": 3, "dropout": 0.3987551440038717, "ffn_hidden_size": 2144, "ffn_num_layers": 1, "final_lr": 3.9018144976138365e-05, "hidden_size": 471, "init_lr": 1.0164436655780825e-05, "max_lr": 0.0002876563636256501, "warmup_epochs": 5}