{"batch_size": 10, "depth": 6, "dropout": 0.13735143703731745, "ffn_hidden_size": 1419, "ffn_num_layers": 2, "final_lr": 0.00047964365480672244, "hidden_size": 1691, "init_lr": 0.0004492164376450397, "max_lr": 0.00047964365480672244, "warmup_epochs": 6}