{"batch_size": 49, "depth": 5, "dropout": 0.25874264372620115, "ffn_hidden_size": 1524, "ffn_num_layers": 3, "final_lr": 1.0741648690589403e-06, "hidden_size": 893, "init_lr": 6.224498813574706e-05, "max_lr": 0.0005954626121476272, "warmup_epochs": 5}