{"batch_size": 88, "depth": 5, "dropout": 0.3089061199671416, "ffn_hidden_size": 2212, "ffn_num_layers": 1, "final_lr": 3.838853485374613e-06, "hidden_size": 1953, "init_lr": 0.00036327379321347207, "max_lr": 0.000829502072919767, "warmup_epochs": 4}