{"batch_size": 29, "depth": 3, "dropout": 0.1075658158644261, "ffn_hidden_size": 2376, "ffn_num_layers": 1, "final_lr": 7.494189231148668e-08, "hidden_size": 1773, "init_lr": 1.8847949916850012e-07, "max_lr": 2.949479943447514e-05, "warmup_epochs": 2}