{"batch_size": 34, "depth": 5, "dropout": 0.29579215158773975, "ffn_hidden_size": 1082, "ffn_num_layers": 1, "final_lr": 4.286771647056002e-10, "hidden_size": 364, "init_lr": 5.79693229817191e-09, "max_lr": 1.542508462380384e-08, "warmup_epochs": 3}