{"batch_size": 81, "depth": 3, "dropout": 0.3933978845527795, "ffn_hidden_size": 2162, "ffn_num_layers": 2, "final_lr": 3.376554191188682e-08, "hidden_size": 968, "init_lr": 1.3797253407708538e-09, "max_lr": 6.597419959982973e-07, "warmup_epochs": 3}