{"batch_size": 86, "depth": 2, "dropout": 0.38758047860381095, "ffn_hidden_size": 482, "ffn_num_layers": 1, "final_lr": 0.0001661425600296433, "hidden_size": 1235, "init_lr": 6.219547728333126e-06, "max_lr": 0.00046900912576198757, "warmup_epochs": 2}