{"batch_size": 26, "depth": 3, "dropout": 0.1488019896581001, "ffn_hidden_size": 1126, "ffn_num_layers": 1, "final_lr": 9.550519619877296e-06, "hidden_size": 1483, "init_lr": 1.5618613794037855e-05, "max_lr": 0.00011611586233550263, "warmup_epochs": 4}