{"batch_size": 17, "depth": 3, "dropout": 0.15315506558217018, "ffn_hidden_size": 2044, "ffn_num_layers": 3, "final_lr": 9.173285845465239e-07, "hidden_size": 1371, "init_lr": 1.4587702829684404e-06, "max_lr": 0.0006924574855422663, "warmup_epochs": 2}