{"batch_size": 70, "depth": 4, "dropout": 0.16292293418730205, "ffn_hidden_size": 2133, "ffn_num_layers": 3, "final_lr": 0.00023895294428886047, "hidden_size": 1835, "init_lr": 0.001, "max_lr": 0.001, "warmup_epochs": 3}