{"batch_size": 57, "depth": 2, "dropout": 0.0012826012860047413, "ffn_hidden_size": 2400, "ffn_num_layers": 3, "final_lr": 1.30103809365783e-05, "hidden_size": 2400, "init_lr": 6.042149610529401e-06, "max_lr": 0.0006235310449765133, "warmup_epochs": 5}