{"batch_size": 87, "depth": 5, "dropout": 0.08573456738930954, "ffn_hidden_size": 1278, "ffn_num_layers": 1, "final_lr": 0.0005061866779208293, "hidden_size": 2248, "init_lr": 5.224422660999228e-05, "max_lr": 0.0006124632053918226, "warmup_epochs": 5}