{"batch_size": 73, "depth": 5, "dropout": 0.11525608832411993, "ffn_hidden_size": 1580, "ffn_num_layers": 2, "final_lr": 0.0004498209496667415, "hidden_size": 2249, "init_lr": 5.146045488215197e-05, "max_lr": 0.0006124556390565177, "warmup_epochs": 5}