{"batch_size": 44, "depth": 4, "dropout": 0.18967952870806035, "ffn_hidden_size": 1553, "ffn_num_layers": 1, "final_lr": 5.896759756154965e-08, "hidden_size": 513, "init_lr": 1.843280677932444e-09, "max_lr": 6.111523816197209e-08, "warmup_epochs": 5}