{"batch_size": 40, "depth": 5, "dropout": 0.3442253845189905, "ffn_hidden_size": 2053, "ffn_num_layers": 1, "final_lr": 0.00018369473258649435, "hidden_size": 1579, "init_lr": 1.5575430735349876e-05, "max_lr": 0.00018369473258649435, "warmup_epochs": 3}