{"batch_size": 38, "depth": 4, "dropout": 0.2798302033551034, "ffn_hidden_size": 1741, "ffn_num_layers": 1, "final_lr": 0.0004165589276115338, "hidden_size": 1710, "init_lr": 2.8281472313068795e-05, "max_lr": 0.0005833135452686386, "warmup_epochs": 5}