{"batch_size": 43, "depth": 6, "dropout": 0.16508353686663876, "ffn_hidden_size": 1958, "ffn_num_layers": 2, "final_lr": 0.000874369026779245, "hidden_size": 1381, "init_lr": 1.2217182542823937e-05, "max_lr": 0.000874369026779245, "warmup_epochs": 4}