{"batch_size": 10, "depth": 3, "dropout": 0.004439686806650236, "ffn_hidden_size": 300, "ffn_num_layers": 3, "final_lr": 0.00010710736812506495, "hidden_size": 568, "init_lr": 0.00012580359103302953, "max_lr": 0.0001347132563860898, "warmup_epochs": 3}