{"batch_size": 83, "depth": 6, "dropout": 0.0679919117299596, "ffn_hidden_size": 1379, "ffn_num_layers": 2, "final_lr": 0.0007571546985514594, "hidden_size": 1266, "init_lr": 0.00027564004352315075, "max_lr": 0.0009254628092554239, "warmup_epochs": 6}