{"batch_size": 71, "depth": 3, "dropout": 0.11043685007082063, "ffn_hidden_size": 1984, "ffn_num_layers": 2, "final_lr": 1.392244678352754e-05, "hidden_size": 1254, "init_lr": 1.9814402350792254e-05, "max_lr": 0.0008201424938333995, "warmup_epochs": 3}