{"batch_size": 10, "depth": 3, "dropout": 0.03429231150636779, "ffn_hidden_size": 2225, "ffn_num_layers": 3, "final_lr": 0.00017988208469988493, "hidden_size": 2400, "init_lr": 5.715989565849415e-06, "max_lr": 0.00018628990954944844, "warmup_epochs": 3}