{"batch_size": 10, "depth": 6, "dropout": 0.0, "ffn_hidden_size": 2400, "ffn_num_layers": 3, "final_lr": 0.00017625904656845938, "hidden_size": 2400, "init_lr": 0.00017625904656845938, "max_lr": 0.00017625904656845938, "warmup_epochs": 6}