{"batch_size": 62, "depth": 4, "dropout": 0.11726115708689422, "ffn_hidden_size": 1353, "ffn_num_layers": 2, "final_lr": 4.8772303287841876e-05, "hidden_size": 1510, "init_lr": 1.5675147022233852e-06, "max_lr": 0.00025731221700054936, "warmup_epochs": 4}