{"batch_size": 89, "depth": 5, "dropout": 0.012943445333198349, "ffn_hidden_size": 1611, "ffn_num_layers": 3, "final_lr": 0.0009253344143475046, "hidden_size": 1478, "init_lr": 0.0003504938518358055, "max_lr": 0.0009253344143475046, "warmup_epochs": 6}