{"batch_size": 10, "depth": 3, "dropout": 0.015587694177891954, "ffn_hidden_size": 357, "ffn_num_layers": 3, "final_lr": 4.667264520470359e-06, "hidden_size": 2381, "init_lr": 2.2163324638918616e-05, "max_lr": 0.0007591662547689828, "warmup_epochs": 5}