{"batch_size": 10, "depth": 4, "dropout": 0.12387778568207403, "ffn_hidden_size": 2319, "ffn_num_layers": 3, "final_lr": 0.0003583852605070652, "hidden_size": 1930, "init_lr": 1.138808535474889e-05, "max_lr": 0.0003811235886858981, "warmup_epochs": 5}