{"batch_size": 100, "depth": 5, "dropout": 0.1156249206205426, "ffn_hidden_size": 1066, "ffn_num_layers": 2, "final_lr": 9.80528425884536e-06, "hidden_size": 983, "init_lr": 5.639057869222994e-06, "max_lr": 7.042214976731172e-05, "warmup_epochs": 6}