{"batch_size": 54, "depth": 3, "dropout": 0.21959638099200932, "ffn_hidden_size": 2118, "ffn_num_layers": 3, "final_lr": 2.754204964318257e-06, "hidden_size": 2323, "init_lr": 4.1862896869402726e-05, "max_lr": 0.000317617099924786, "warmup_epochs": 6}