{"batch_size": 24, "depth": 4, "dropout": 0.18807442898241805, "ffn_hidden_size": 2400, "ffn_num_layers": 2, "final_lr": 3.21437372171849e-05, "hidden_size": 1674, "init_lr": 3.8727492889768524e-07, "max_lr": 8.012689212648869e-05, "warmup_epochs": 5}