{"batch_size": 65, "depth": 3, "dropout": 0.3176198724534475, "ffn_hidden_size": 1046, "ffn_num_layers": 2, "final_lr": 9.255426066163875e-09, "hidden_size": 1740, "init_lr": 1.4457106752342637e-08, "max_lr": 1.6402063426741092e-08, "warmup_epochs": 6}