{"batch_size": 37, "depth": 4, "dropout": 0.1419230345381208, "ffn_hidden_size": 716, "ffn_num_layers": 2, "final_lr": 8.224402318091721e-05, "hidden_size": 2373, "init_lr": 6.594548301688457e-07, "max_lr": 0.0006287004075203343, "warmup_epochs": 5}