{"batch_size": 25, "depth": 6, "dropout": 0.053237805854934594, "ffn_hidden_size": 300, "ffn_num_layers": 3, "final_lr": 4.381459028099944e-05, "hidden_size": 544, "init_lr": 5.985235562120538e-07, "max_lr": 0.00011255073897665478, "warmup_epochs": 6}