{"batch_size": 87, "depth": 3, "dropout": 0.003516797971823782, "ffn_hidden_size": 2400, "ffn_num_layers": 3, "final_lr": 0.00040806941964543743, "hidden_size": 2400, "init_lr": 6.431590263930331e-06, "max_lr": 0.00040806941964543743, "warmup_epochs": 4}