{"batch_size": 14, "depth": 2, "dropout": 0.03243010178558195, "ffn_hidden_size": 1184, "ffn_num_layers": 2, "final_lr": 1.7321470137823188e-07, "hidden_size": 1438, "init_lr": 7.092208711417438e-07, "max_lr": 0.00017321470137823187, "warmup_epochs": 4}