{"batch_size": 84, "depth": 6, "dropout": 0.0, "ffn_hidden_size": 1714, "ffn_num_layers": 3, "final_lr": 0.0005189774333223241, "hidden_size": 1338, "init_lr": 0.00034260059082709404, "max_lr": 0.0009253344143475046, "warmup_epochs": 6}