{"batch_size": 100, "depth": 4, "dropout": 0.4, "ffn_hidden_size": 2400, "ffn_num_layers": 3, "final_lr": 0.0003092209622275778, "hidden_size": 1729, "init_lr": 9.548472254025931e-07, "max_lr": 0.0003092209622275778, "warmup_epochs": 3}