{"batch_size": 10, "depth": 6, "dropout": 0.2867391921358232, "ffn_hidden_size": 1025, "ffn_num_layers": 2, "final_lr": 1.0139611659340853e-06, "hidden_size": 1545, "init_lr": 0.000357941042946873, "max_lr": 0.000357941042946873, "warmup_epochs": 5}