{"batch_size": 10, "depth": 6, "dropout": 0.0, "ffn_hidden_size": 1616, "ffn_num_layers": 2, "final_lr": 2.802532640335904e-05, "hidden_size": 1614, "init_lr": 3.6336642052972497e-07, "max_lr": 0.0003006514912469996, "warmup_epochs": 3}