{"batch_size": 10, "depth": 6, "dropout": 0.07996899065189693, "ffn_hidden_size": 410, "ffn_num_layers": 2, "final_lr": 4.927859015795199e-05, "hidden_size": 762, "init_lr": 7.706510238237974e-07, "max_lr": 0.00011255073897665478, "warmup_epochs": 6}