{"batch_size": 23, "depth": 5, "dropout": 0.3267802996345785, "ffn_hidden_size": 814, "ffn_num_layers": 2, "final_lr": 0.00013518901970910048, "hidden_size": 1923, "init_lr": 0.0007623852620175117, "max_lr": 0.0009085056647952955, "warmup_epochs": 6}