{"batch_size": 89, "depth": 4, "dropout": 0.3434656356677466, "ffn_hidden_size": 1459, "ffn_num_layers": 2, "final_lr": 4.711505012958969e-06, "hidden_size": 1227, "init_lr": 2.8950668983455055e-07, "max_lr": 2.10810837594886e-05, "warmup_epochs": 5}