{"batch_size": 47, "depth": 6, "dropout": 0.0, "ffn_hidden_size": 1006, "ffn_num_layers": 2, "final_lr": 3.817015174243336e-05, "hidden_size": 2194, "init_lr": 2.5790963146413026e-06, "max_lr": 0.0005040144513873211, "warmup_epochs": 5}