{
    "batch_size": 64,
    "depth": 3,
    "dropout": 0.11708703505679048,
    "ffn_hidden_size": 1200,
    "ffn_num_layers": 3,
    "final_lr": 0.00026449881078924206,
    "hidden_size": 1122,
    "init_lr": 2.228826912693884e-05,
    "max_lr": 0.001,
    "warmup_epochs": 2
}