{"batch_size": 61, "depth": 3, "dropout": 0.22951247685674014, "ffn_hidden_size": 895, "ffn_num_layers": 2, "final_lr": 5.5754268960277087e-05, "hidden_size": 1869, "init_lr": 0.00044532002727784396, "max_lr": 0.0006286866863079274, "warmup_epochs": 5}