{"batch_size": 18, "depth": 6, "dropout": 0.0, "ffn_hidden_size": 2064, "ffn_num_layers": 3, "final_lr": 1.0587097337902948e-05, "hidden_size": 2204, "init_lr": 0.00020438081505271365, "max_lr": 0.00020438081505271365, "warmup_epochs": 2}