{"batch_size": 26, "depth": 4, "dropout": 0.012716521606433294, "ffn_hidden_size": 737, "ffn_num_layers": 3, "final_lr": 1.2064831456561847e-06, "hidden_size": 1641, "init_lr": 0.0005244827806003141, "max_lr": 0.0005326954455420122, "warmup_epochs": 3}