{"batch_size": 69, "depth": 5, "dropout": 0.04928156923094124, "ffn_hidden_size": 998, "ffn_num_layers": 2, "final_lr": 1.2862532904102832e-05, "hidden_size": 300, "init_lr": 4.407221940667096e-07, "max_lr": 0.00018131303087169423, "warmup_epochs": 4}