{"batch_size": 100, "depth": 6, "dropout": 0.0003406560075161925, "ffn_hidden_size": 300, "ffn_num_layers": 2, "final_lr": 0.0007828034120476295, "hidden_size": 807, "init_lr": 1.0805237069023106e-05, "max_lr": 0.0007828034120476295, "warmup_epochs": 6}