{"batch_size": 86, "depth": 6, "dropout": 0.10235118145019866, "ffn_hidden_size": 1301, "ffn_num_layers": 3, "final_lr": 0.0009254570415640664, "hidden_size": 1495, "init_lr": 0.00018786857024599707, "max_lr": 0.0009254570415640664, "warmup_epochs": 6}