{"batch_size": 53, "depth": 5, "dropout": 0.0008389538590854388, "ffn_hidden_size": 300, "ffn_num_layers": 2, "final_lr": 5.232118315523021e-06, "hidden_size": 843, "init_lr": 5.387797123112049e-07, "max_lr": 0.00021985761280939105, "warmup_epochs": 3}