{"batch_size": 69, "depth": 5, "dropout": 0.3916961872337933, "ffn_hidden_size": 2026, "ffn_num_layers": 3, "final_lr": 4.0467501477569604e-05, "hidden_size": 2111, "init_lr": 0.001, "max_lr": 0.001, "warmup_epochs": 4}