{"batch_size": 38, "depth": 2, "dropout": 0.01688655285550632, "ffn_hidden_size": 817, "ffn_num_layers": 3, "final_lr": 4.7567347458041824e-09, "hidden_size": 1376, "init_lr": 6.3606976927422224e-09, "max_lr": 2.5289948208348345e-06, "warmup_epochs": 4}