{"batch_size": 67, "depth": 2, "dropout": 0.02980550866939671, "ffn_hidden_size": 431, "ffn_num_layers": 3, "final_lr": 2.869665981568097e-10, "hidden_size": 733, "init_lr": 9.75341827906096e-10, "max_lr": 1.907371432929048e-08, "warmup_epochs": 3}