{"batch_size": 16, "depth": 5, "dropout": 0.13126301039489027, "ffn_hidden_size": 1531, "ffn_num_layers": 2, "final_lr": 8.433543631838501e-05, "hidden_size": 1778, "init_lr": 9.125949193093631e-06, "max_lr": 0.0005678026695049147, "warmup_epochs": 4}