{"batch_size": 10, "depth": 6, "dropout": 0.2656692313795292, "ffn_hidden_size": 300, "ffn_num_layers": 3, "final_lr": 0.00010303819370326942, "hidden_size": 2390, "init_lr": 5.315467947023526e-06, "max_lr": 0.0001055107502418184, "warmup_epochs": 6}