{"batch_size": 46, "depth": 4, "dropout": 0.01754564770037686, "ffn_hidden_size": 895, "ffn_num_layers": 3, "final_lr": 7.337318231109728e-05, "hidden_size": 1637, "init_lr": 5.334915670347333e-06, "max_lr": 0.000385688728088488, "warmup_epochs": 4}