{"batch_size": 35, "depth": 6, "dropout": 0.0008848626870488297, "ffn_hidden_size": 1670, "ffn_num_layers": 3, "final_lr": 0.0001435920223791013, "hidden_size": 2400, "init_lr": 5.697491714181966e-06, "max_lr": 0.0001435920223791013, "warmup_epochs": 6}