{"batch_size": 19, "depth": 2, "dropout": 0.04543987491097168, "ffn_hidden_size": 772, "ffn_num_layers": 1, "final_lr": 1.7321470137823188e-07, "hidden_size": 1234, "init_lr": 5.387118856705957e-07, "max_lr": 0.00017321470137823187, "warmup_epochs": 4}