{"batch_size": 10, "depth": 6, "dropout": 0.1355178473518629, "ffn_hidden_size": 2400, "ffn_num_layers": 3, "final_lr": 0.0001863246248304279, "hidden_size": 2400, "init_lr": 3.230566576416099e-07, "max_lr": 0.0003230566576416099, "warmup_epochs": 4}