{"batch_size": 12, "depth": 2, "dropout": 0.08673344555867299, "ffn_hidden_size": 606, "ffn_num_layers": 1, "final_lr": 2.7741118620562157e-10, "hidden_size": 1920, "init_lr": 2.685202144652562e-10, "max_lr": 5.7782869627037914e-08, "warmup_epochs": 3}