{
    "batch_size": 38,
    "depth": 3,
    "dropout": 0.13556492303523904,
    "ffn_hidden_size": 565,
    "ffn_num_layers": 3,
    "final_lr": 2.5563691506874036e-05,
    "hidden_size": 886,
    "init_lr": 0.00011103593320853704,
    "max_lr": 0.000806268810635407,
    "warmup_epochs": 2
}