{"batch_size": 10, "depth": 6, "dropout": 0.0, "ffn_hidden_size": 1610, "ffn_num_layers": 2, "final_lr": 7.133574570812858e-07, "hidden_size": 1433, "init_lr": 4.8090830236837125e-06, "max_lr": 0.00011676926174754907, "warmup_epochs": 3}