{"batch_size": 28, "depth": 5, "dropout": 0.0, "ffn_hidden_size": 1373, "ffn_num_layers": 3, "final_lr": 0.00033591630353409517, "hidden_size": 1005, "init_lr": 2.698247855371558e-05, "max_lr": 0.0009047937212999233, "warmup_epochs": 5}