{"batch_size": 10, "depth": 5, "dropout": 0.0, "ffn_hidden_size": 1572, "ffn_num_layers": 2, "final_lr": 3.2975331321589015e-05, "hidden_size": 2400, "init_lr": 8.803441434766052e-06, "max_lr": 0.0006786284598193532, "warmup_epochs": 4}