{"batch_size": 100, "depth": 6, "dropout": 0.3028023377637385, "ffn_hidden_size": 2400, "ffn_num_layers": 2, "final_lr": 1.1470835648608513e-05, "hidden_size": 2400, "init_lr": 2.6915292265838194e-07, "max_lr": 0.0002691529226583819, "warmup_epochs": 5}