{"batch_size": 39, "depth": 4, "dropout": 0.13906617079121328, "ffn_hidden_size": 1521, "ffn_num_layers": 2, "final_lr": 9.02007379018547e-10, "hidden_size": 1001, "init_lr": 7.524432577672943e-08, "max_lr": 1.2881729299717362e-07, "warmup_epochs": 3}