{"batch_size": 46, "depth": 5, "dropout": 0.23400701732685913, "ffn_hidden_size": 2142, "ffn_num_layers": 1, "final_lr": 0.00018369473258649435, "hidden_size": 1997, "init_lr": 1.1993529085406094e-05, "max_lr": 0.00018369473258649435, "warmup_epochs": 4}