{"batch_size": 17, "depth": 4, "dropout": 0.3906345949991099, "ffn_hidden_size": 1681, "ffn_num_layers": 2, "final_lr": 5.496760211901777e-05, "hidden_size": 2380, "init_lr": 8.729947668031432e-06, "max_lr": 0.00039467658478012184, "warmup_epochs": 3}