{"batch_size": 29, "depth": 2, "dropout": 0.17232494393790174, "ffn_hidden_size": 2346, "ffn_num_layers": 3, "final_lr": 2.724224934328681e-06, "hidden_size": 475, "init_lr": 1.3649284766258977e-05, "max_lr": 0.0006298106619276613, "warmup_epochs": 3}