{"batch_size": 64, "depth": 2, "dropout": 0.29593928501897554, "ffn_hidden_size": 2400, "ffn_num_layers": 2, "final_lr": 1.0812679767831826e-05, "hidden_size": 1732, "init_lr": 9.038542939809743e-07, "max_lr": 0.00043967184028631545, "warmup_epochs": 2}