{"batch_size": 87, "depth": 2, "dropout": 0.24237568728463774, "ffn_hidden_size": 670, "ffn_num_layers": 3, "final_lr": 1.6786286661969962e-07, "hidden_size": 839, "init_lr": 3.176990265293742e-10, "max_lr": 2.0004101656631796e-07, "warmup_epochs": 6}