{"batch_size": 23, "depth": 3, "dropout": 0.08703593930633319, "ffn_hidden_size": 1766, "ffn_num_layers": 2, "final_lr": 5.944839955689199e-10, "hidden_size": 1143, "init_lr": 4.015715273123178e-10, "max_lr": 3.7749548891380435e-08, "warmup_epochs": 4}