{"batch_size": 54, "depth": 6, "dropout": 0.10564009624813991, "ffn_hidden_size": 2400, "ffn_num_layers": 3, "final_lr": 0.001, "hidden_size": 300, "init_lr": 0.0007909624179259593, "max_lr": 0.001, "warmup_epochs": 6}