{"batch_size": 10, "depth": 4, "dropout": 0.08010823198948164, "ffn_hidden_size": 300, "ffn_num_layers": 3, "final_lr": 2.3127319930052988e-05, "hidden_size": 2023, "init_lr": 0.00010789462539617793, "max_lr": 0.0002457912483358855, "warmup_epochs": 3}