{"batch_size": 27, "depth": 4, "dropout": 0.25797617765376707, "ffn_hidden_size": 878, "ffn_num_layers": 1, "final_lr": 1.109756364600283e-10, "hidden_size": 1125, "init_lr": 3.073172093313531e-09, "max_lr": 3.00031094555836e-08, "warmup_epochs": 4}