{"batch_size": 86, "depth": 4, "dropout": 0.0, "ffn_hidden_size": 2396, "ffn_num_layers": 3, "final_lr": 0.00015919408718010605, "hidden_size": 2377, "init_lr": 0.00015050832042602912, "max_lr": 0.001, "warmup_epochs": 2}