{"batch_size": 11, "depth": 2, "dropout": 0.006293101900726159, "ffn_hidden_size": 2383, "ffn_num_layers": 3, "final_lr": 0.0005322461501123432, "hidden_size": 2400, "init_lr": 4.8875123123442604e-06, "max_lr": 0.001, "warmup_epochs": 2}