{"batch_size": 89, "depth": 4, "dropout": 0.002185303450207427, "ffn_hidden_size": 1196, "ffn_num_layers": 2, "final_lr": 3.947291904600971e-06, "hidden_size": 313, "init_lr": 6.85990265648977e-06, "max_lr": 0.00016207427410582114, "warmup_epochs": 2}