{"batch_size": 56, "depth": 5, "dropout": 0.17576883124815662, "ffn_hidden_size": 1431, "ffn_num_layers": 3, "final_lr": 9.283639987809401e-07, "hidden_size": 1375, "init_lr": 4.0115489584826196e-05, "max_lr": 0.00023781440325954634, "warmup_epochs": 6}