{"batch_size": 10, "depth": 5, "dropout": 0.050090285694650176, "ffn_hidden_size": 439, "ffn_num_layers": 3, "final_lr": 0.00037318136614613743, "hidden_size": 2400, "init_lr": 8.917548594025079e-06, "max_lr": 0.00037318136614613743, "warmup_epochs": 2}