{"batch_size": 42, "depth": 3, "dropout": 0.4, "ffn_hidden_size": 2400, "ffn_num_layers": 3, "final_lr": 8.704031724144352e-05, "hidden_size": 2275, "init_lr": 0.0009968809212007376, "max_lr": 0.0009968809212007376, "warmup_epochs": 4}