{"batch_size": 10, "depth": 2, "dropout": 0.0031247952687174447, "ffn_hidden_size": 2033, "ffn_num_layers": 3, "final_lr": 0.0007045433379012463, "hidden_size": 853, "init_lr": 9.234240430892174e-07, "max_lr": 0.0009234240430892175, "warmup_epochs": 6}