{"batch_size": 10, "depth": 4, "dropout": 0.0, "ffn_hidden_size": 1507, "ffn_num_layers": 3, "final_lr": 1.5911255499064902e-05, "hidden_size": 1621, "init_lr": 4.1199628377631724e-07, "max_lr": 0.00018287018755583557, "warmup_epochs": 4}