{"batch_size": 50, "depth": 5, "dropout": 0.20901412866406952, "ffn_hidden_size": 1820, "ffn_num_layers": 2, "final_lr": 0.00017907029049149127, "hidden_size": 2400, "init_lr": 0.00017907029049149127, "max_lr": 0.00017907029049149127, "warmup_epochs": 5}