{"batch_size": 63, "depth": 5, "dropout": 0.1279267609457618, "ffn_hidden_size": 1161, "ffn_num_layers": 3, "final_lr": 1.128675824311784e-05, "hidden_size": 1565, "init_lr": 1.937284187572183e-06, "max_lr": 0.00029450280502774285, "warmup_epochs": 4}