{"batch_size": 44, "depth": 4, "dropout": 0.21791982287323544, "ffn_hidden_size": 1512, "ffn_num_layers": 3, "final_lr": 1.295822260493004e-06, "hidden_size": 1289, "init_lr": 7.068325725905634e-05, "max_lr": 0.0005954626121476272, "warmup_epochs": 5}