{"batch_size": 71, "depth": 3, "dropout": 0.24692153168451403, "ffn_hidden_size": 2245, "ffn_num_layers": 3, "final_lr": 5.904195317748184e-05, "hidden_size": 2400, "init_lr": 4.1682647143757166e-05, "max_lr": 0.0007778347636133933, "warmup_epochs": 4}