{"batch_size": 26, "depth": 6, "dropout": 0.251771302626975, "ffn_hidden_size": 561, "ffn_num_layers": 2, "final_lr": 0.0001097466863658673, "hidden_size": 2400, "init_lr": 0.0009085056647952955, "max_lr": 0.0009085056647952955, "warmup_epochs": 5}