{"batch_size": 69, "depth": 6, "dropout": 0.01785628367908078, "ffn_hidden_size": 878, "ffn_num_layers": 3, "final_lr": 1.6131183042948076e-05, "hidden_size": 325, "init_lr": 4.666569851115017e-07, "max_lr": 0.00018131303087169423, "warmup_epochs": 4}