{"batch_size": 10, "depth": 4, "dropout": 0.003792361392285596, "ffn_hidden_size": 1723, "ffn_num_layers": 3, "final_lr": 0.00024333302984099, "hidden_size": 1977, "init_lr": 9.142164851245521e-07, "max_lr": 0.0009142164851245521, "warmup_epochs": 3}