{"batch_size": 16, "depth": 6, "dropout": 0.11685883258015502, "ffn_hidden_size": 592, "ffn_num_layers": 3, "final_lr": 2.1314748337323054e-08, "hidden_size": 338, "init_lr": 1.3447690431255644e-06, "max_lr": 1.499328583846403e-05, "warmup_epochs": 5}