{"batch_size": 81, "depth": 5, "dropout": 0.06983450168088091, "ffn_hidden_size": 991, "ffn_num_layers": 2, "final_lr": 1.366946036398974e-05, "hidden_size": 2155, "init_lr": 5.416235471020634e-06, "max_lr": 0.000876722356658105, "warmup_epochs": 5}