{"batch_size": 61, "depth": 2, "dropout": 0.1573834972105542, "ffn_hidden_size": 1356, "ffn_num_layers": 2, "final_lr": 9.707238592740804e-09, "hidden_size": 960, "init_lr": 5.8254783135668256e-08, "max_lr": 4.7728478325071425e-06, "warmup_epochs": 4}