{"batch_size": 94, "depth": 3, "dropout": 0.3576850634369257, "ffn_hidden_size": 808, "ffn_num_layers": 3, "final_lr": 9.145333952573943e-07, "hidden_size": 2351, "init_lr": 7.867484607076619e-09, "max_lr": 4.943330802796836e-06, "warmup_epochs": 3}