{"batch_size": 40, "depth": 4, "dropout": 0.26279585047218573, "ffn_hidden_size": 2159, "ffn_num_layers": 1, "final_lr": 1.1875498854201763e-06, "hidden_size": 1029, "init_lr": 1.171984548147706e-05, "max_lr": 1.958990890763893e-05, "warmup_epochs": 6}