{"batch_size": 92, "depth": 6, "dropout": 0.09984534098197317, "ffn_hidden_size": 1661, "ffn_num_layers": 3, "final_lr": 0.0009253344143475046, "hidden_size": 1251, "init_lr": 0.0003366650840217763, "max_lr": 0.0009253344143475046, "warmup_epochs": 6}