{"batch_size": 36, "depth": 4, "dropout": 0.29088712802749384, "ffn_hidden_size": 2123, "ffn_num_layers": 2, "final_lr": 0.00010326204528147027, "hidden_size": 1297, "init_lr": 1.3113175080296136e-06, "max_lr": 0.0002485472471889252, "warmup_epochs": 5}