{"batch_size": 69, "depth": 3, "dropout": 0.28759849661019604, "ffn_hidden_size": 1286, "ffn_num_layers": 3, "final_lr": 3.490672764246329e-09, "hidden_size": 870, "init_lr": 1.2927873279993813e-10, "max_lr": 3.997308460954932e-08, "warmup_epochs": 5}