{"batch_size": 21, "depth": 2, "dropout": 0.20898217179080306, "ffn_hidden_size": 1878, "ffn_num_layers": 3, "final_lr": 0.0006491321209580724, "hidden_size": 1798, "init_lr": 7.346158603734364e-07, "max_lr": 0.0006491321209580724, "warmup_epochs": 3}