{"batch_size": 78, "depth": 4, "dropout": 0.016886247973771994, "ffn_hidden_size": 1536, "ffn_num_layers": 3, "final_lr": 7.128437578207092e-05, "hidden_size": 2400, "init_lr": 3.6258547007269996e-05, "max_lr": 0.001, "warmup_epochs": 4}