{"batch_size": 10, "depth": 3, "dropout": 0.0033589972432313884, "ffn_hidden_size": 300, "ffn_num_layers": 2, "final_lr": 0.001, "hidden_size": 667, "init_lr": 3.7930449700605195e-05, "max_lr": 0.001, "warmup_epochs": 3}