{"batch_size": 40, "depth": 2, "dropout": 0.3897846260124885, "ffn_hidden_size": 1631, "ffn_num_layers": 1, "final_lr": 0.0005016516941439731, "hidden_size": 842, "init_lr": 1.27227006848899e-05, "max_lr": 0.0007600556799156505, "warmup_epochs": 6}