{"batch_size": 58, "depth": 4, "dropout": 0.13684896221537377, "ffn_hidden_size": 708, "ffn_num_layers": 2, "final_lr": 5.712061115429879e-06, "hidden_size": 1644, "init_lr": 3.6356915157918276e-06, "max_lr": 0.0005162690690297577, "warmup_epochs": 5}