{"batch_size": 10, "depth": 6, "dropout": 0.005078963126553332, "ffn_hidden_size": 831, "ffn_num_layers": 3, "final_lr": 1.1226561633013992e-05, "hidden_size": 2316, "init_lr": 3.061387789713511e-07, "max_lr": 0.0003061387789713511, "warmup_epochs": 6}