{"batch_size": 99, "depth": 2, "dropout": 0.26237994346308985, "ffn_hidden_size": 2082, "ffn_num_layers": 1, "final_lr": 3.1757673645835205e-06, "hidden_size": 869, "init_lr": 1.1505995597138834e-06, "max_lr": 2.7054758433465725e-05, "warmup_epochs": 6}