{"batch_size": 10, "depth": 6, "dropout": 0.0, "ffn_hidden_size": 793, "ffn_num_layers": 2, "final_lr": 0.0003595889379885477, "hidden_size": 2098, "init_lr": 2.011735400231496e-05, "max_lr": 0.00036657222536353975, "warmup_epochs": 5}