{"batch_size": 77, "depth": 6, "dropout": 0.0, "ffn_hidden_size": 832, "ffn_num_layers": 2, "final_lr": 1.4953207161182508e-05, "hidden_size": 577, "init_lr": 3.6694192555294784e-07, "max_lr": 0.0001813425355612387, "warmup_epochs": 4}