{"batch_size": 41, "depth": 4, "dropout": 0.12976611381917874, "ffn_hidden_size": 1678, "ffn_num_layers": 3, "final_lr": 6.038223284819645e-05, "hidden_size": 1502, "init_lr": 2.6049921956584735e-06, "max_lr": 0.0005683439868050458, "warmup_epochs": 3}