{"batch_size": 10, "depth": 6, "dropout": 0.029786404031244145, "ffn_hidden_size": 443, "ffn_num_layers": 2, "final_lr": 6.232976020059619e-05, "hidden_size": 1531, "init_lr": 2.3208755587967037e-05, "max_lr": 0.0001375462235878479, "warmup_epochs": 6}