{"batch_size": 35, "depth": 4, "dropout": 0.07406353078711488, "ffn_hidden_size": 801, "ffn_num_layers": 3, "final_lr": 0.00021667301184926733, "hidden_size": 1955, "init_lr": 0.0004871459116758502, "max_lr": 0.0006649505871517988, "warmup_epochs": 2}