{"batch_size": 60, "depth": 4, "dropout": 0.35122888909144506, "ffn_hidden_size": 1700, "ffn_num_layers": 3, "final_lr": 9.028783944941292e-10, "hidden_size": 763, "init_lr": 4.5000526599946615e-08, "max_lr": 2.560911501574767e-07, "warmup_epochs": 3}