{"batch_size": 21, "depth": 6, "dropout": 0.12409879754328461, "ffn_hidden_size": 550, "ffn_num_layers": 3, "final_lr": 2.32481503856111e-06, "hidden_size": 1207, "init_lr": 2.673715426848935e-06, "max_lr": 7.551791736630043e-05, "warmup_epochs": 3}