{"batch_size": 31, "depth": 3, "dropout": 0.37813274977168815, "ffn_hidden_size": 2193, "ffn_num_layers": 1, "final_lr": 2.078153269299083e-05, "hidden_size": 1763, "init_lr": 8.12821053919252e-06, "max_lr": 8.334618352681656e-05, "warmup_epochs": 5}