{"batch_size": 98, "depth": 5, "dropout": 0.08359881341664416, "ffn_hidden_size": 1880, "ffn_num_layers": 2, "final_lr": 0.0005620064778128303, "hidden_size": 2108, "init_lr": 5.060555718135475e-05, "max_lr": 0.0006124556390565177, "warmup_epochs": 5}