{"batch_size": 34, "depth": 6, "dropout": 0.021456463980045797, "ffn_hidden_size": 1427, "ffn_num_layers": 2, "final_lr": 0.0009462273573865531, "hidden_size": 1415, "init_lr": 0.0009462273573865531, "max_lr": 0.0009462273573865531, "warmup_epochs": 4}