{"batch_size": 11, "depth": 4, "dropout": 0.10877302531556404, "ffn_hidden_size": 1542, "ffn_num_layers": 3, "final_lr": 0.00017564774140112346, "hidden_size": 1263, "init_lr": 8.352728076464415e-05, "max_lr": 0.00018268398206708174, "warmup_epochs": 2}