{"batch_size": 10, "depth": 6, "dropout": 0.18704481759932437, "ffn_hidden_size": 2390, "ffn_num_layers": 3, "final_lr": 4.833385518153832e-06, "hidden_size": 2379, "init_lr": 3.303071771118894e-07, "max_lr": 0.00033030717711188934, "warmup_epochs": 4}