{"batch_size": 96, "depth": 6, "dropout": 0.2821848701564538, "ffn_hidden_size": 872, "ffn_num_layers": 2, "final_lr": 8.975854217766027e-06, "hidden_size": 2329, "init_lr": 2.8393042744828985e-05, "max_lr": 5.032199641479538e-05, "warmup_epochs": 6}