{"batch_size": 80, "depth": 6, "dropout": 0.1800893684194169, "ffn_hidden_size": 1507, "ffn_num_layers": 3, "final_lr": 0.00013604231975846998, "hidden_size": 2160, "init_lr": 8.651693095597736e-05, "max_lr": 0.0007232907403591881, "warmup_epochs": 5}