{"batch_size": 30, "depth": 6, "dropout": 0.3099914359990912, "ffn_hidden_size": 1576, "ffn_num_layers": 3, "final_lr": 0.0001396270825224947, "hidden_size": 1940, "init_lr": 0.00039725198343892366, "max_lr": 0.0005609403842113964, "warmup_epochs": 3}