{"batch_size": 31, "depth": 4, "dropout": 0.20101201896764925, "ffn_hidden_size": 2083, "ffn_num_layers": 2, "final_lr": 0.00012393301874372332, "hidden_size": 1945, "init_lr": 1.46727871417989e-06, "max_lr": 0.0002878372568303114, "warmup_epochs": 4}