{"batch_size": 10, "depth": 6, "dropout": 0.0, "ffn_hidden_size": 896, "ffn_num_layers": 3, "final_lr": 0.0001891317903976001, "hidden_size": 1265, "init_lr": 3.382909402145675e-05, "max_lr": 0.00019442623489716098, "warmup_epochs": 5}