{"batch_size": 10, "depth": 6, "dropout": 0.29910283887736927, "ffn_hidden_size": 300, "ffn_num_layers": 3, "final_lr": 0.0004306091394292611, "hidden_size": 2400, "init_lr": 0.0004306091394292611, "max_lr": 0.0004306091394292611, "warmup_epochs": 6}