{"batch_size": 10, "depth": 6, "dropout": 0.16163521028153832, "ffn_hidden_size": 2372, "ffn_num_layers": 3, "final_lr": 0.00019553705168651596, "hidden_size": 2400, "init_lr": 1.9553705168651595e-07, "max_lr": 0.00019553705168651596, "warmup_epochs": 2}