{"batch_size": 86, "depth": 5, "dropout": 0.30654175125783195, "ffn_hidden_size": 1392, "ffn_num_layers": 3, "final_lr": 2.1611335735658975e-07, "hidden_size": 2248, "init_lr": 2.368171853520793e-08, "max_lr": 3.7884000104243947e-06, "warmup_epochs": 5}