{"batch_size": 15, "depth": 5, "dropout": 0.16469572749074612, "ffn_hidden_size": 1842, "ffn_num_layers": 3, "final_lr": 0.00024658084643800306, "hidden_size": 300, "init_lr": 4.073483308618796e-06, "max_lr": 0.00024658084643800306, "warmup_epochs": 6}