{"batch_size": 71, "depth": 2, "dropout": 0.39942663005112644, "ffn_hidden_size": 2009, "ffn_num_layers": 2, "final_lr": 1.0482669065089704e-05, "hidden_size": 1988, "init_lr": 6.33710957684575e-07, "max_lr": 0.00043967184028631545, "warmup_epochs": 2}