{"batch_size": 79, "depth": 5, "dropout": 0.11178742050872319, "ffn_hidden_size": 1029, "ffn_num_layers": 2, "final_lr": 1.3052218200945225e-06, "hidden_size": 1529, "init_lr": 4.611611410988681e-06, "max_lr": 9.810881312074661e-05, "warmup_epochs": 6}