{"batch_size": 74, "depth": 6, "dropout": 0.03959983204156736, "ffn_hidden_size": 1549, "ffn_num_layers": 2, "final_lr": 1.2223237621833996e-05, "hidden_size": 692, "init_lr": 1.4514323848512661e-06, "max_lr": 6.071699066171603e-05, "warmup_epochs": 2}