{"batch_size": 19, "depth": 4, "dropout": 0.04418677406150189, "ffn_hidden_size": 1862, "ffn_num_layers": 1, "final_lr": 8.255468823185768e-05, "hidden_size": 593, "init_lr": 0.0002061475569623442, "max_lr": 0.0006131231677912497, "warmup_epochs": 3}