{"batch_size": 53, "depth": 4, "dropout": 0.1910395388730903, "ffn_hidden_size": 2246, "ffn_num_layers": 3, "final_lr": 4.428803632320625e-06, "hidden_size": 2321, "init_lr": 4.7384324736293424e-05, "max_lr": 0.000603885944001788, "warmup_epochs": 3}