{"batch_size": 48, "depth": 4, "dropout": 0.4, "ffn_hidden_size": 1469, "ffn_num_layers": 3, "final_lr": 0.00016721222590487074, "hidden_size": 2084, "init_lr": 1.114564100562618e-05, "max_lr": 0.0006041412635720724, "warmup_epochs": 3}