{"batch_size": 10, "depth": 5, "dropout": 0.1503044308268883, "ffn_hidden_size": 300, "ffn_num_layers": 3, "final_lr": 1e-06, "hidden_size": 1560, "init_lr": 6.5115768681218855e-06, "max_lr": 0.001, "warmup_epochs": 6}