{"batch_size": 65, "depth": 3, "dropout": 0.23777072742746408, "ffn_hidden_size": 1642, "ffn_num_layers": 2, "final_lr": 1.0260593437499975e-06, "hidden_size": 2169, "init_lr": 1.5838701199702496e-05, "max_lr": 7.6694728549562e-05, "warmup_epochs": 2}