{"batch_size": 10, "depth": 4, "dropout": 0.17905183366966682, "ffn_hidden_size": 762, "ffn_num_layers": 2, "final_lr": 1.912001054662318e-06, "hidden_size": 2081, "init_lr": 0.00038773939485382684, "max_lr": 0.00038773939485382684, "warmup_epochs": 6}