{"batch_size": 10, "depth": 4, "dropout": 0.0008333980834827823, "ffn_hidden_size": 1190, "ffn_num_layers": 3, "final_lr": 0.00013747829569876903, "hidden_size": 1705, "init_lr": 7.961496358481742e-05, "max_lr": 0.00013747829569876903, "warmup_epochs": 4}