{
    "batch_size": 28,
    "depth": 5,
    "dropout": 0.05201843001020532,
    "ffn_hidden_size": 733,
    "ffn_num_layers": 3,
    "final_lr": 0.0009537829861204653,
    "hidden_size": 561,
    "init_lr": 4.191600450451805e-05,
    "max_lr": 0.001,
    "warmup_epochs": 3
}