{"batch_size": 95, "depth": 3, "dropout": 0.37971534368068616, "ffn_hidden_size": 2272, "ffn_num_layers": 3, "final_lr": 7.003962864170629e-05, "hidden_size": 2174, "init_lr": 2.8016612749295166e-05, "max_lr": 0.0003894842533821176, "warmup_epochs": 5}