{"batch_size": 56, "depth": 2, "dropout": 0.2562290691362186, "ffn_hidden_size": 716, "ffn_num_layers": 2, "final_lr": 8.188489104520883e-05, "hidden_size": 1753, "init_lr": 0.00047006839637945375, "max_lr": 0.0006288634482772638, "warmup_epochs": 5}