{"batch_size": 10, "depth": 4, "dropout": 0.0, "ffn_hidden_size": 899, "ffn_num_layers": 3, "final_lr": 0.00012113816427343278, "hidden_size": 1340, "init_lr": 7.102273508734741e-06, "max_lr": 0.000379820333945996, "warmup_epochs": 6}