{"batch_size": 50, "depth": 5, "dropout": 0.0, "ffn_hidden_size": 300, "ffn_num_layers": 3, "final_lr": 4.4915903932874115e-06, "hidden_size": 561, "init_lr": 3.874794052156064e-07, "max_lr": 0.00021987652908452834, "warmup_epochs": 3}