{"batch_size": 51, "depth": 4, "dropout": 0.27808917871226424, "ffn_hidden_size": 329, "ffn_num_layers": 3, "final_lr": 2.9822480942770543e-05, "hidden_size": 2370, "init_lr": 1.027037110197728e-05, "max_lr": 0.0003801394009259866, "warmup_epochs": 5}