{"batch_size": 10, "depth": 4, "dropout": 0.09422446634566031, "ffn_hidden_size": 2374, "ffn_num_layers": 3, "final_lr": 3.689408191717804e-05, "hidden_size": 1929, "init_lr": 4.471331410830062e-06, "max_lr": 0.00021286841134803624, "warmup_epochs": 4}