{"batch_size": 10, "depth": 6, "dropout": 0.4, "ffn_hidden_size": 2109, "ffn_num_layers": 3, "final_lr": 0.0006767582130980799, "hidden_size": 2400, "init_lr": 1.942471196033784e-06, "max_lr": 0.0006767582130980799, "warmup_epochs": 6}