{"batch_size": 76, "depth": 2, "dropout": 0.2940540112347558, "ffn_hidden_size": 2250, "ffn_num_layers": 1, "final_lr": 9.92389299725647e-06, "hidden_size": 2169, "init_lr": 8.901823597410983e-07, "max_lr": 0.0004398111512075668, "warmup_epochs": 2}