{"batch_size": 78, "depth": 5, "dropout": 0.21812643000637047, "ffn_hidden_size": 1631, "ffn_num_layers": 3, "final_lr": 6.172087559276969e-05, "hidden_size": 1482, "init_lr": 0.00024666256484067383, "max_lr": 0.0009910295744152884, "warmup_epochs": 2}