{"batch_size": 71, "depth": 4, "dropout": 0.24857478105966588, "ffn_hidden_size": 300, "ffn_num_layers": 2, "final_lr": 3.167232671609725e-05, "hidden_size": 2400, "init_lr": 8.816035205849691e-06, "max_lr": 0.00038013940092598646, "warmup_epochs": 5}