{"batch_size": 58, "depth": 3, "dropout": 0.35371486154658244, "ffn_hidden_size": 1886, "ffn_num_layers": 3, "final_lr": 8.828693273581021e-05, "hidden_size": 1872, "init_lr": 2.091748193852068e-05, "max_lr": 0.0005162197633102946, "warmup_epochs": 5}