{"batch_size": 63, "depth": 4, "dropout": 0.12960181994473807, "ffn_hidden_size": 2386, "ffn_num_layers": 3, "final_lr": 6.412509782367913e-09, "hidden_size": 916, "init_lr": 5.02402291742274e-09, "max_lr": 2.577479974797905e-07, "warmup_epochs": 2}