{"batch_size": 47, "depth": 5, "dropout": 0.07772700753706946, "ffn_hidden_size": 2081, "ffn_num_layers": 2, "final_lr": 1.3110403464440387e-05, "hidden_size": 1597, "init_lr": 8.448019248048408e-06, "max_lr": 0.0009199266190807605, "warmup_epochs": 3}