{"batch_size": 63, "depth": 5, "dropout": 0.07820309708029405, "ffn_hidden_size": 807, "ffn_num_layers": 3, "final_lr": 1.7633833760936877e-05, "hidden_size": 2372, "init_lr": 4.99458296715624e-06, "max_lr": 0.000877034046432444, "warmup_epochs": 5}