{"batch_size": 10, "depth": 5, "dropout": 0.0, "ffn_hidden_size": 1855, "ffn_num_layers": 3, "final_lr": 0.0005158204825307809, "hidden_size": 2226, "init_lr": 4.940744838530908e-06, "max_lr": 0.001, "warmup_epochs": 2}