{"batch_size": 17, "depth": 3, "dropout": 0.10159033675220205, "ffn_hidden_size": 1517, "ffn_num_layers": 2, "final_lr": 0.0005912632789804616, "hidden_size": 1267, "init_lr": 0.0005517382004969194, "max_lr": 0.001, "warmup_epochs": 6}