{"batch_size": 82, "depth": 6, "dropout": 0.1276375316129293, "ffn_hidden_size": 1057, "ffn_num_layers": 1, "final_lr": 9.522756033128933e-10, "hidden_size": 1271, "init_lr": 1.4836119558636563e-07, "max_lr": 2.717938666746088e-07, "warmup_epochs": 3}