{"batch_size": 71, "depth": 5, "dropout": 0.043882598332544015, "ffn_hidden_size": 424, "ffn_num_layers": 3, "final_lr": 1.9072227073561163e-05, "hidden_size": 300, "init_lr": 3.734660385593125e-07, "max_lr": 0.0001813425355612387, "warmup_epochs": 4}