{"batch_size": 19, "depth": 6, "dropout": 0.09352460901793536, "ffn_hidden_size": 475, "ffn_num_layers": 2, "final_lr": 7.626421393484483e-05, "hidden_size": 685, "init_lr": 7.596559924017843e-07, "max_lr": 0.00011260440281389211, "warmup_epochs": 6}