{"batch_size": 62, "depth": 3, "dropout": 0.4, "ffn_hidden_size": 2175, "ffn_num_layers": 3, "final_lr": 0.00010892237203918617, "hidden_size": 1993, "init_lr": 1.4273345608422467e-05, "max_lr": 0.0007776353225731206, "warmup_epochs": 6}