{
  "batch_size": 63,
  "depth": 3,
  "dropout": 0.0830648798552709,
  "ffn_hidden_size": 300,
  "ffn_num_layers": 3,
  "final_lr": 0.0000984838,
  "hidden_size": 300,
  "init_lr": 0.00040222856259649443,
  "max_lr": 0.00040222856259649443,
  "warmup_epochs": 3
}
