{
    "batch_size": 50,
    "depth": 6,
    "dropout": 0.0,
    "ffn_hidden_size": 2373,
    "ffn_num_layers": 2,
    "final_lr": 1.6013626418527155e-05,
    "hidden_size": 1205,
    "init_lr": 0.0003343680695165394,
    "max_lr": 0.0003394544739003341,
    "warmup_epochs": 6
}