{"batch_size": 81, "depth": 6, "dropout": 0.03290950445505134, "ffn_hidden_size": 1490, "ffn_num_layers": 2, "final_lr": 1.7442717553133668e-07, "hidden_size": 1089, "init_lr": 6.127775910339787e-08, "max_lr": 7.769391508878654e-06, "warmup_epochs": 6}