{"batch_size": 17, "depth": 4, "dropout": 0.26154573438464057, "ffn_hidden_size": 1876, "ffn_num_layers": 2, "final_lr": 3.344214959761788e-08, "hidden_size": 1340, "init_lr": 1.1950840403168592e-08, "max_lr": 2.999012065127205e-07, "warmup_epochs": 2}