{"batch_size": 20, "depth": 4, "dropout": 0.3733769755487203, "ffn_hidden_size": 368, "ffn_num_layers": 1, "final_lr": 1.2785554600708716e-06, "hidden_size": 1974, "init_lr": 4.099796792787681e-08, "max_lr": 2.6969756891433927e-05, "warmup_epochs": 2}