{"batch_size": 10, "depth": 4, "dropout": 0.1317939397233666, "ffn_hidden_size": 2400, "ffn_num_layers": 3, "final_lr": 3.559315206139121e-05, "hidden_size": 1584, "init_lr": 3.84790754174212e-06, "max_lr": 0.00015649648746329813, "warmup_epochs": 5}