{"batch_size": 56, "depth": 4, "dropout": 0.2928281640940424, "ffn_hidden_size": 1723, "ffn_num_layers": 2, "final_lr": 1.5706350568895057e-06, "hidden_size": 1140, "init_lr": 5.222333157927647e-05, "max_lr": 0.0005957354770596833, "warmup_epochs": 5}