{"batch_size": 29, "depth": 5, "dropout": 0.07569153337205634, "ffn_hidden_size": 898, "ffn_num_layers": 2, "final_lr": 2.125219885754823e-06, "hidden_size": 1470, "init_lr": 2.741854800840952e-06, "max_lr": 7.548846104346131e-05, "warmup_epochs": 3}