{"batch_size": 66, "depth": 5, "dropout": 0.29332138760929477, "ffn_hidden_size": 1534, "ffn_num_layers": 3, "final_lr": 5.692877719713336e-05, "hidden_size": 1490, "init_lr": 0.00028994049705655854, "max_lr": 0.000991029574415288, "warmup_epochs": 3}