{"batch_size": 55, "depth": 4, "dropout": 0.0, "ffn_hidden_size": 2398, "ffn_num_layers": 3, "final_lr": 0.00020142971053126055, "hidden_size": 2123, "init_lr": 7.013951590250927e-07, "max_lr": 0.0003102559021065489, "warmup_epochs": 3}