{"batch_size": 45, "depth": 4, "dropout": 0.19703832564339196, "ffn_hidden_size": 2290, "ffn_num_layers": 3, "final_lr": 3.6555530130564784e-06, "hidden_size": 1987, "init_lr": 4.2835988635479064e-05, "max_lr": 0.0006043059501244909, "warmup_epochs": 3}