{"batch_size": 21, "depth": 6, "dropout": 0.1334317563046848, "ffn_hidden_size": 300, "ffn_num_layers": 2, "final_lr": 4.927859015795199e-05, "hidden_size": 300, "init_lr": 8.467043477461658e-07, "max_lr": 0.00011255073897665478, "warmup_epochs": 6}