{"batch_size": 54, "depth": 5, "dropout": 0.22989519164052608, "ffn_hidden_size": 2034, "ffn_num_layers": 2, "final_lr": 0.0001566262809112531, "hidden_size": 1748, "init_lr": 1.5877842643998022e-05, "max_lr": 0.0001836980363096875, "warmup_epochs": 4}