{"batch_size": 15, "depth": 4, "dropout": 0.18200188390856367, "ffn_hidden_size": 583, "ffn_num_layers": 2, "final_lr": 0.00015504847384126153, "hidden_size": 1435, "init_lr": 5.5188545666176056e-05, "max_lr": 0.0008885123775955659, "warmup_epochs": 5}