{"batch_size": 13, "depth": 4, "dropout": 0.0, "ffn_hidden_size": 2151, "ffn_num_layers": 3, "final_lr": 2.0241501351910892e-05, "hidden_size": 2400, "init_lr": 2.3901708828153023e-06, "max_lr": 0.00012709137198097127, "warmup_epochs": 4}