{"batch_size": 28, "depth": 6, "dropout": 0.12423013338900327, "ffn_hidden_size": 773, "ffn_num_layers": 2, "final_lr": 4.1347848688021473e-05, "hidden_size": 628, "init_lr": 7.397209655071503e-07, "max_lr": 0.00011255073897665478, "warmup_epochs": 6}