{"batch_size": 41, "depth": 2, "dropout": 0.13174681582499234, "ffn_hidden_size": 2400, "ffn_num_layers": 2, "final_lr": 0.0005990445396376708, "hidden_size": 2400, "init_lr": 5.393428374875674e-05, "max_lr": 0.0005990445396376708, "warmup_epochs": 6}