{
    "batch_size": 25,
    "depth": 6,
    "dropout": 0.11387016305558684,
    "ffn_hidden_size": 1200,
    "ffn_num_layers": 3,
    "final_lr": 0.00023446932384758838,
    "hidden_size": 778,
    "init_lr": 4.181816826315313e-05,
    "max_lr": 0.0006085623650001105,
    "warmup_epochs": 5
}