{"batch_size": 16, "depth": 5, "dropout": 0.17891418613982207, "ffn_hidden_size": 1827, "ffn_num_layers": 3, "final_lr": 0.00042157446019499065, "hidden_size": 909, "init_lr": 5.056668083201188e-06, "max_lr": 0.0004810583255505218, "warmup_epochs": 4}