{"batch_size": 17, "depth": 3, "dropout": 0.0030773473446539927, "ffn_hidden_size": 1404, "ffn_num_layers": 3, "final_lr": 0.00042109326430067676, "hidden_size": 1407, "init_lr": 5.4236617250650705e-05, "max_lr": 0.00045258489170159946, "warmup_epochs": 6}