{"batch_size": 93, "depth": 3, "dropout": 0.1359339421911268, "ffn_hidden_size": 1592, "ffn_num_layers": 1, "final_lr": 4.488431593152973e-09, "hidden_size": 1696, "init_lr": 2.5398730066314854e-09, "max_lr": 1.862881665399065e-06, "warmup_epochs": 6}