{"batch_size": 74, "depth": 4, "dropout": 0.027916497148094063, "ffn_hidden_size": 2392, "ffn_num_layers": 2, "final_lr": 9.237275197976402e-05, "hidden_size": 1625, "init_lr": 1.0889835422127e-05, "max_lr": 0.001, "warmup_epochs": 4}