{"batch_size": 99, "depth": 3, "dropout": 0.0, "ffn_hidden_size": 2400, "ffn_num_layers": 3, "final_lr": 0.0006537341832217502, "hidden_size": 2400, "init_lr": 7.745820031841963e-06, "max_lr": 0.001, "warmup_epochs": 4}