{"batch_size": 45, "depth": 4, "dropout": 0.018374625365083608, "ffn_hidden_size": 617, "ffn_num_layers": 3, "final_lr": 5.212758580981464e-05, "hidden_size": 2150, "init_lr": 1.0818461832936455e-05, "max_lr": 0.0006470925762145846, "warmup_epochs": 2}