{"batch_size": 45, "depth": 4, "dropout": 0.07532217589950817, "ffn_hidden_size": 1835, "ffn_num_layers": 3, "final_lr": 2.9304739283274056e-05, "hidden_size": 1093, "init_lr": 2.6268673380323136e-06, "max_lr": 0.0005076137593048993, "warmup_epochs": 4}