{"batch_size": 93, "depth": 4, "dropout": 0.12698156844143482, "ffn_hidden_size": 721, "ffn_num_layers": 1, "final_lr": 5.662164884216757e-08, "hidden_size": 2151, "init_lr": 2.632531674032514e-08, "max_lr": 1.8494851252187441e-06, "warmup_epochs": 2}