{"batch_size": 12, "depth": 4, "dropout": 0.19280977723742598, "ffn_hidden_size": 2082, "ffn_num_layers": 3, "final_lr": 3.4123406500691925e-05, "hidden_size": 1690, "init_lr": 7.077876534148567e-07, "max_lr": 8.012689212648869e-05, "warmup_epochs": 5}