{"batch_size": 73, "depth": 2, "dropout": 0.14711900169823974, "ffn_hidden_size": 2233, "ffn_num_layers": 3, "final_lr": 0.00010563872857006275, "hidden_size": 2400, "init_lr": 1.1186548946833265e-06, "max_lr": 0.00027869444112094615, "warmup_epochs": 4}