{"batch_size": 59, "depth": 4, "dropout": 0.12351449618354182, "ffn_hidden_size": 2069, "ffn_num_layers": 3, "final_lr": 3.6555530130564754e-06, "hidden_size": 2179, "init_lr": 4.2835988635479044e-05, "max_lr": 0.0006043059501244907, "warmup_epochs": 3}