{"batch_size": 11, "depth": 2, "dropout": 0.3786069089201013, "ffn_hidden_size": 493, "ffn_num_layers": 3, "final_lr": 3.004302535886159e-08, "hidden_size": 1482, "init_lr": 2.460450355620259e-07, "max_lr": 7.467649433655555e-07, "warmup_epochs": 6}