{"batch_size": 34, "depth": 6, "dropout": 0.20190892766013976, "ffn_hidden_size": 2356, "ffn_num_layers": 2, "final_lr": 6.675870840966187e-08, "hidden_size": 813, "init_lr": 2.6757432123829377e-10, "max_lr": 1.280364247495119e-07, "warmup_epochs": 6}