{"batch_size": 12, "depth": 5, "dropout": 0.29779574197487524, "ffn_hidden_size": 631, "ffn_num_layers": 3, "final_lr": 8.516101461121807e-09, "hidden_size": 2295, "init_lr": 1.779334974869787e-06, "max_lr": 4.509491859153966e-06, "warmup_epochs": 5}