{"batch_size": 10, "depth": 3, "dropout": 0.0, "ffn_hidden_size": 2400, "ffn_num_layers": 2, "final_lr": 0.0001669773766656583, "hidden_size": 1025, "init_lr": 0.0001669773766656583, "max_lr": 0.0001669773766656583, "warmup_epochs": 4}