{"batch_size": 49, "depth": 3, "dropout": 0.0991666014678698, "ffn_hidden_size": 1922, "ffn_num_layers": 3, "final_lr": 4.2480653733439554e-05, "hidden_size": 1991, "init_lr": 1.0153487214909045e-05, "max_lr": 0.001, "warmup_epochs": 3}