{"batch_size": 11, "depth": 3, "dropout": 0.04713271584513454, "ffn_hidden_size": 783, "ffn_num_layers": 2, "final_lr": 1.7321470137823188e-07, "hidden_size": 1689, "init_lr": 8.673106852745477e-07, "max_lr": 0.00017321470137823187, "warmup_epochs": 5}