{"batch_size": 10, "depth": 3, "dropout": 0.1945344317554525, "ffn_hidden_size": 300, "ffn_num_layers": 3, "final_lr": 0.0001737275217220122, "hidden_size": 300, "init_lr": 1.737275217220122e-07, "max_lr": 0.0001737275217220122, "warmup_epochs": 6}