{"batch_size": 10, "depth": 2, "dropout": 0.3684122170647772, "ffn_hidden_size": 2292, "ffn_num_layers": 1, "final_lr": 4.123808973369888e-05, "hidden_size": 888, "init_lr": 8.880322101082746e-06, "max_lr": 0.00028755328353510676, "warmup_epochs": 4}