{"batch_size": 87, "depth": 5, "dropout": 0.17568972734822827, "ffn_hidden_size": 1047, "ffn_num_layers": 1, "final_lr": 1.29583252991844e-07, "hidden_size": 431, "init_lr": 2.2068929628426247e-06, "max_lr": 4.621823168660153e-05, "warmup_epochs": 3}