{"batch_size": 47, "depth": 4, "dropout": 0.0140519890872552, "ffn_hidden_size": 490, "ffn_num_layers": 2, "final_lr": 0.0008932194587543584, "hidden_size": 588, "init_lr": 0.0008932194587543584, "max_lr": 0.0008932194587543584, "warmup_epochs": 5}