{"batch_size": 10, "depth": 5, "dropout": 0.0, "ffn_hidden_size": 1378, "ffn_num_layers": 3, "final_lr": 0.0002953241073334687, "hidden_size": 778, "init_lr": 6.538444646643004e-07, "max_lr": 0.0003782758224272884, "warmup_epochs": 6}