{"batch_size": 10, "depth": 4, "dropout": 0.0683299994085827, "ffn_hidden_size": 1727, "ffn_num_layers": 2, "final_lr": 5.268096305219557e-05, "hidden_size": 1758, "init_lr": 1.5244732673149644e-05, "max_lr": 0.001, "warmup_epochs": 4}