{"batch_size": 21, "depth": 6, "dropout": 0.0073725865584898026, "ffn_hidden_size": 1658, "ffn_num_layers": 2, "final_lr": 0.0005918517525409762, "hidden_size": 2048, "init_lr": 4.853456703326553e-06, "max_lr": 0.0009828529744177257, "warmup_epochs": 4}