{"batch_size": 49, "depth": 3, "dropout": 0.18544400685432846, "ffn_hidden_size": 2061, "ffn_num_layers": 3, "final_lr": 5.081474543769515e-06, "hidden_size": 2400, "init_lr": 3.179642336446586e-05, "max_lr": 0.0006042226782788774, "warmup_epochs": 3}