{"batch_size": 73, "depth": 5, "dropout": 0.17274012268672775, "ffn_hidden_size": 749, "ffn_num_layers": 1, "final_lr": 1.012490296973858e-07, "hidden_size": 1257, "init_lr": 1.922462700258202e-06, "max_lr": 9.644626869952805e-05, "warmup_epochs": 5}