{
    "batch_size": 10,
    "depth": 6,
    "dropout": 0.034033793651152895,
    "ffn_hidden_size": 305,
    "ffn_num_layers": 3,
    "final_lr": 0.0002379975456317211,
    "hidden_size": 895,
    "init_lr": 3.9510823754755556e-05,
    "max_lr": 0.0002379975456317211,
    "warmup_epochs": 2
}