{"batch_size": 10, "depth": 5, "dropout": 0.00019299735580499244, "ffn_hidden_size": 2038, "ffn_num_layers": 3, "final_lr": 0.00039568157164369803, "hidden_size": 2241, "init_lr": 1.969946232976152e-05, "max_lr": 0.00039568157164369803, "warmup_epochs": 4}