{"batch_size": 43, "depth": 5, "dropout": 0.02696412286336281, "ffn_hidden_size": 300, "ffn_num_layers": 3, "final_lr": 0.0004151497913603317, "hidden_size": 1377, "init_lr": 5.488609286244223e-05, "max_lr": 0.001, "warmup_epochs": 2}