{"batch_size": 88, "depth": 4, "dropout": 0.11496685973936514, "ffn_hidden_size": 2042, "ffn_num_layers": 3, "final_lr": 6.480471607527575e-05, "hidden_size": 1833, "init_lr": 3.487864697656062e-06, "max_lr": 0.0003620020113415011, "warmup_epochs": 4}