{"batch_size": 42, "depth": 2, "dropout": 0.07083174153793419, "ffn_hidden_size": 1605, "ffn_num_layers": 3, "final_lr": 0.0003023578018618669, "hidden_size": 1867, "init_lr": 2.7067839960869342e-05, "max_lr": 0.0007935810183884764, "warmup_epochs": 6}