{"batch_size": 41, "depth": 3, "dropout": 0.17232494393790174, "ffn_hidden_size": 2244, "ffn_num_layers": 3, "final_lr": 2.724224934328681e-06, "hidden_size": 423, "init_lr": 9.762647417643788e-06, "max_lr": 0.0006298106619276613, "warmup_epochs": 3}