{"batch_size": 67, "depth": 4, "dropout": 0.0, "ffn_hidden_size": 647, "ffn_num_layers": 3, "final_lr": 0.0007828245689924182, "hidden_size": 2400, "init_lr": 1.1636978233364896e-06, "max_lr": 0.0007828245689924182, "warmup_epochs": 3}