{"batch_size": 10, "depth": 4, "dropout": 0.3237222489958266, "ffn_hidden_size": 2101, "ffn_num_layers": 3, "final_lr": 3.119731062020218e-06, "hidden_size": 1889, "init_lr": 5.226280204840512e-06, "max_lr": 0.00020265737142576644, "warmup_epochs": 6}