{"batch_size": 45, "depth": 6, "dropout": 0.39850466639290505, "ffn_hidden_size": 1524, "ffn_num_layers": 3, "final_lr": 5.981980127529819e-06, "hidden_size": 1547, "init_lr": 2.8313632850523615e-07, "max_lr": 1.8657731323117015e-05, "warmup_epochs": 5}