{"batch_size": 49, "depth": 5, "dropout": 0.05104849368682853, "ffn_hidden_size": 2400, "ffn_num_layers": 3, "final_lr": 4.1903067911214014e-05, "hidden_size": 1298, "init_lr": 0.001, "max_lr": 0.001, "warmup_epochs": 5}