{"batch_size": 87, "depth": 3, "dropout": 0.1499614301801387, "ffn_hidden_size": 2121, "ffn_num_layers": 3, "final_lr": 1.3368757053644515e-05, "hidden_size": 1141, "init_lr": 2.0633940874026927e-05, "max_lr": 0.0008201424938333995, "warmup_epochs": 4}