{"batch_size": 91, "depth": 6, "dropout": 0.0, "ffn_hidden_size": 2400, "ffn_num_layers": 3, "final_lr": 0.0005801682938849978, "hidden_size": 2075, "init_lr": 6.530141156961792e-07, "max_lr": 0.0006530141156961792, "warmup_epochs": 5}