{"batch_size": 10, "depth": 4, "dropout": 0.19021858424642163, "ffn_hidden_size": 1598, "ffn_num_layers": 3, "final_lr": 0.0005012407926859219, "hidden_size": 2400, "init_lr": 0.00017649524812486943, "max_lr": 0.0005012407926859219, "warmup_epochs": 2}