{"batch_size": 10, "depth": 6, "dropout": 0.0031109409594059674, "ffn_hidden_size": 1670, "ffn_num_layers": 3, "final_lr": 0.00018619361146399697, "hidden_size": 2037, "init_lr": 0.0001853858558442, "max_lr": 0.00018619361146399697, "warmup_epochs": 2}