{"batch_size": 79, "depth": 5, "dropout": 0.05309858485507275, "ffn_hidden_size": 1652, "ffn_num_layers": 2, "final_lr": 0.0005902441838346815, "hidden_size": 2400, "init_lr": 5.546854162198004e-05, "max_lr": 0.0006124556390565177, "warmup_epochs": 5}