{"batch_size": 79, "depth": 4, "dropout": 0.2460242861962951, "ffn_hidden_size": 1446, "ffn_num_layers": 3, "final_lr": 1.8679795893807063e-07, "hidden_size": 646, "init_lr": 1.0163788317317065e-05, "max_lr": 2.5987056955303443e-05, "warmup_epochs": 5}