{"batch_size": 71, "depth": 3, "dropout": 0.1592791441206068, "ffn_hidden_size": 2333, "ffn_num_layers": 3, "final_lr": 1.8720478743129433e-05, "hidden_size": 2398, "init_lr": 0.0004119954925151722, "max_lr": 0.0004119954925151722, "warmup_epochs": 6}