{"batch_size": 40, "depth": 4, "dropout": 0.0, "ffn_hidden_size": 453, "ffn_num_layers": 3, "final_lr": 1.0551352713873982e-05, "hidden_size": 2140, "init_lr": 8.808928627138857e-07, "max_lr": 0.0008375538611757423, "warmup_epochs": 3}