{"batch_size": 15, "depth": 6, "dropout": 0.12179111609614643, "ffn_hidden_size": 2207, "ffn_num_layers": 1, "final_lr": 3.1018363924364226e-11, "hidden_size": 2051, "init_lr": 7.367026688617658e-11, "max_lr": 2.7604879313681502e-08, "warmup_epochs": 6}