{"batch_size": 10, "depth": 2, "dropout": 0.4, "ffn_hidden_size": 2400, "ffn_num_layers": 2, "final_lr": 4.301508427974801e-05, "hidden_size": 702, "init_lr": 7.801612309790807e-06, "max_lr": 0.00028756381828945037, "warmup_epochs": 5}