{"batch_size": 10, "depth": 2, "dropout": 0.27624192225319744, "ffn_hidden_size": 1419, "ffn_num_layers": 3, "final_lr": 0.00025495322376941926, "hidden_size": 1650, "init_lr": 2.2299588332415894e-05, "max_lr": 0.0007033408636152815, "warmup_epochs": 5}