{"batch_size": 48, "depth": 2, "dropout": 0.13882599055740483, "ffn_hidden_size": 1269, "ffn_num_layers": 1, "final_lr": 8.899342080721281e-07, "hidden_size": 1586, "init_lr": 0.00013148655623873015, "max_lr": 0.0002291170647152744, "warmup_epochs": 3}