{"batch_size": 89, "depth": 3, "dropout": 0.3429014351055082, "ffn_hidden_size": 358, "ffn_num_layers": 1, "final_lr": 3.4456540243301884e-08, "hidden_size": 2308, "init_lr": 1.7653193096083362e-08, "max_lr": 6.927612129449543e-07, "warmup_epochs": 2}