{"batch_size": 41, "depth": 5, "dropout": 0.039657254611288786, "ffn_hidden_size": 2106, "ffn_num_layers": 2, "final_lr": 4.295638922938953e-05, "hidden_size": 2400, "init_lr": 0.0008011000434059423, "max_lr": 0.0008100945178133706, "warmup_epochs": 3}