{"batch_size": 84, "depth": 3, "dropout": 0.10848959462761591, "ffn_hidden_size": 1921, "ffn_num_layers": 2, "final_lr": 1.3660304599279056e-05, "hidden_size": 948, "init_lr": 1.3738641446926118e-05, "max_lr": 0.0008201424938333995, "warmup_epochs": 4}