{"batch_size": 15, "depth": 6, "dropout": 0.25979012236830806, "ffn_hidden_size": 656, "ffn_num_layers": 2, "final_lr": 1.727494844701201e-05, "hidden_size": 1777, "init_lr": 4.895713550668386e-06, "max_lr": 0.0005266268469083489, "warmup_epochs": 2}