{"batch_size": 52, "depth": 5, "dropout": 0.1191824101993685, "ffn_hidden_size": 1881, "ffn_num_layers": 3, "final_lr": 3.9505357837864465e-05, "hidden_size": 1162, "init_lr": 9.72709529118837e-05, "max_lr": 0.0003972397958639903, "warmup_epochs": 5}