{"batch_size": 10, "depth": 3, "dropout": 0.007631641291580312, "ffn_hidden_size": 1327, "ffn_num_layers": 3, "final_lr": 0.00039683798194883787, "hidden_size": 1585, "init_lr": 4.0290057553532446e-07, "max_lr": 0.00039683798194883787, "warmup_epochs": 4}