{"batch_size": 14, "depth": 4, "dropout": 0.18839033370191893, "ffn_hidden_size": 1282, "ffn_num_layers": 2, "final_lr": 4.188844708408833e-06, "hidden_size": 1678, "init_lr": 0.0005002782157608982, "max_lr": 0.0005002782157608982, "warmup_epochs": 5}