{"batch_size": 10, "depth": 3, "dropout": 0.09469529761228766, "ffn_hidden_size": 1772, "ffn_num_layers": 2, "final_lr": 2.5832783493829788e-05, "hidden_size": 2015, "init_lr": 4.587922629875415e-06, "max_lr": 0.00016635150581474552, "warmup_epochs": 3}