{"batch_size": 10, "depth": 5, "dropout": 0.07080433327244796, "ffn_hidden_size": 1492, "ffn_num_layers": 2, "final_lr": 3.225765429367404e-06, "hidden_size": 1304, "init_lr": 1.6213489844629772e-05, "max_lr": 0.00038144791312828873, "warmup_epochs": 5}