{"batch_size": 14, "depth": 6, "dropout": 0.3343408742160422, "ffn_hidden_size": 2189, "ffn_num_layers": 1, "final_lr": 2.473034601530386e-06, "hidden_size": 1726, "init_lr": 1.9400856387428975e-06, "max_lr": 1.142666885248016e-05, "warmup_epochs": 4}