{"batch_size": 56, "depth": 6, "dropout": 0.0, "ffn_hidden_size": 749, "ffn_num_layers": 3, "final_lr": 5.079144618857201e-05, "hidden_size": 1872, "init_lr": 2.6804760385519726e-05, "max_lr": 0.0003452593305225501, "warmup_epochs": 5}