{"batch_size": 38, "depth": 2, "dropout": 0.13413492193444926, "ffn_hidden_size": 1622, "ffn_num_layers": 3, "final_lr": 2.235397050140862e-08, "hidden_size": 1591, "init_lr": 2.2075348607114744e-09, "max_lr": 3.0096724943849196e-08, "warmup_epochs": 6}