{"batch_size": 10, "depth": 2, "dropout": 0.0005664432821651879, "ffn_hidden_size": 2400, "ffn_num_layers": 3, "final_lr": 0.00037479260243667155, "hidden_size": 1935, "init_lr": 0.00037479260243667155, "max_lr": 0.00037479260243667155, "warmup_epochs": 5}