{"batch_size": 81, "depth": 2, "dropout": 0.04413200376690146, "ffn_hidden_size": 1041, "ffn_num_layers": 2, "final_lr": 5.171272339576999e-09, "hidden_size": 2030, "init_lr": 4.97680907605442e-09, "max_lr": 4.6146486263936364e-08, "warmup_epochs": 2}