{"batch_size": 48, "depth": 5, "dropout": 0.22912637652174872, "ffn_hidden_size": 2196, "ffn_num_layers": 2, "final_lr": 0.0001836980363096875, "hidden_size": 1925, "init_lr": 1.85575066388383e-05, "max_lr": 0.0001836980363096875, "warmup_epochs": 3}