{"batch_size": 47, "depth": 6, "dropout": 0.001755243330501997, "ffn_hidden_size": 336, "ffn_num_layers": 3, "final_lr": 4.302471682807524e-06, "hidden_size": 843, "init_lr": 5.387797123112048e-07, "max_lr": 0.00021985761280939113, "warmup_epochs": 3}