{"batch_size": 10, "depth": 6, "dropout": 0.04554984923747958, "ffn_hidden_size": 1865, "ffn_num_layers": 2, "final_lr": 6.912336808388331e-07, "hidden_size": 1074, "init_lr": 3.4351519612815473e-06, "max_lr": 0.00011676926174754907, "warmup_epochs": 4}