{"batch_size": 11, "depth": 3, "dropout": 0.36693195667929696, "ffn_hidden_size": 1953, "ffn_num_layers": 3, "final_lr": 2.914064716076169e-08, "hidden_size": 417, "init_lr": 9.437099885428083e-08, "max_lr": 2.4811580919312705e-05, "warmup_epochs": 4}