{"batch_size": 97, "depth": 6, "dropout": 0.3505036420309041, "ffn_hidden_size": 726, "ffn_num_layers": 1, "final_lr": 5.3137092972978994e-11, "hidden_size": 1844, "init_lr": 1.2910624818321503e-08, "max_lr": 1.2946058785910584e-08, "warmup_epochs": 5}