{"batch_size": 91, "depth": 2, "dropout": 0.30110804570941224, "ffn_hidden_size": 1131, "ffn_num_layers": 3, "final_lr": 9.906502494736668e-08, "hidden_size": 2146, "init_lr": 2.7579730698981056e-07, "max_lr": 1.4070255016936079e-06, "warmup_epochs": 5}