{"batch_size": 21, "depth": 4, "dropout": 0.13458648322628758, "ffn_hidden_size": 470, "ffn_num_layers": 2, "final_lr": 1.0796932415031284e-06, "hidden_size": 2142, "init_lr": 4.226012424234613e-06, "max_lr": 0.0009255833678933899, "warmup_epochs": 6}