{"batch_size": 49, "depth": 2, "dropout": 0.19719482675316594, "ffn_hidden_size": 827, "ffn_num_layers": 3, "final_lr": 5.515621775757053e-05, "hidden_size": 1946, "init_lr": 0.0006286866863079274, "max_lr": 0.0006286866863079274, "warmup_epochs": 5}