{"batch_size": 10, "depth": 6, "dropout": 0.06349289479113832, "ffn_hidden_size": 417, "ffn_num_layers": 2, "final_lr": 1.605018077633589e-06, "hidden_size": 1179, "init_lr": 3.188122397940337e-06, "max_lr": 7.551791736630038e-05, "warmup_epochs": 3}