{"batch_size": 71, "depth": 4, "dropout": 0.14126476472863675, "ffn_hidden_size": 1035, "ffn_num_layers": 3, "final_lr": 9.984594449313575e-05, "hidden_size": 1639, "init_lr": 5.604091558858475e-06, "max_lr": 0.00045931404632656444, "warmup_epochs": 5}