{"batch_size": 58, "depth": 4, "dropout": 0.16272248704179704, "ffn_hidden_size": 2129, "ffn_num_layers": 3, "final_lr": 3.6555530130564754e-06, "hidden_size": 1785, "init_lr": 2.7591160583207658e-05, "max_lr": 0.0006043059501244907, "warmup_epochs": 3}