{"batch_size": 15, "depth": 2, "dropout": 0.271297869841305, "ffn_hidden_size": 300, "ffn_num_layers": 3, "final_lr": 0.00014439046126168615, "hidden_size": 1757, "init_lr": 1.4566496247121628e-07, "max_lr": 0.00014439046126168615, "warmup_epochs": 6}