{"batch_size": 10, "depth": 6, "dropout": 0.21430260561290346, "ffn_hidden_size": 782, "ffn_num_layers": 1, "final_lr": 0.0001219189548773235, "hidden_size": 2400, "init_lr": 0.0009085056647952955, "max_lr": 0.0009085056647952955, "warmup_epochs": 6}