{"batch_size": 92, "depth": 4, "dropout": 0.1861096648759142, "ffn_hidden_size": 1012, "ffn_num_layers": 2, "final_lr": 8.7692667658162e-06, "hidden_size": 1431, "init_lr": 4.071356375814693e-06, "max_lr": 7.04098536941544e-05, "warmup_epochs": 6}