{"batch_size": 84, "depth": 2, "dropout": 0.04029188935452521, "ffn_hidden_size": 1534, "ffn_num_layers": 3, "final_lr": 7.1803348304583325e-09, "hidden_size": 480, "init_lr": 2.178368051848212e-10, "max_lr": 1.515634554260578e-08, "warmup_epochs": 6}