{"batch_size": 56, "depth": 5, "dropout": 0.0011774037613694333, "ffn_hidden_size": 680, "ffn_num_layers": 2, "final_lr": 0.00012261891893882717, "hidden_size": 2395, "init_lr": 6.347999680440605e-07, "max_lr": 0.0001251071855382797, "warmup_epochs": 4}