{"batch_size": 82, "depth": 6, "dropout": 0.07547982458219062, "ffn_hidden_size": 300, "ffn_num_layers": 2, "final_lr": 0.0004675499870548215, "hidden_size": 1589, "init_lr": 1.2482830145647802e-05, "max_lr": 0.0004675499870548215, "warmup_epochs": 4}