{"batch_size": 10, "depth": 4, "dropout": 0.1465509400859303, "ffn_hidden_size": 2400, "ffn_num_layers": 3, "final_lr": 1.284208652599527e-05, "hidden_size": 1469, "init_lr": 9.258743028875827e-06, "max_lr": 0.00037677811491546097, "warmup_epochs": 2}