{"batch_size": 10, "depth": 5, "dropout": 0.0, "ffn_hidden_size": 1208, "ffn_num_layers": 3, "final_lr": 4.5378813975223736e-05, "hidden_size": 1726, "init_lr": 2.0253145515659395e-05, "max_lr": 0.00026566872612673187, "warmup_epochs": 5}