{"batch_size": 20, "depth": 6, "dropout": 0.15773915085025025, "ffn_hidden_size": 344, "ffn_num_layers": 1, "final_lr": 4.784053406122756e-07, "hidden_size": 2055, "init_lr": 4.973197080975897e-07, "max_lr": 0.0004784053406122755, "warmup_epochs": 5}