{"batch_size": 10, "depth": 5, "dropout": 0.0, "ffn_hidden_size": 1962, "ffn_num_layers": 2, "final_lr": 3.878370556401859e-06, "hidden_size": 1630, "init_lr": 0.00033527809278330485, "max_lr": 0.001, "warmup_epochs": 6}