{"batch_size": 10, "depth": 6, "dropout": 0.08605946118230705, "ffn_hidden_size": 560, "ffn_num_layers": 3, "final_lr": 7.622829366024352e-05, "hidden_size": 1420, "init_lr": 2.9826617405406878e-06, "max_lr": 9.507678235062372e-05, "warmup_epochs": 6}