{"batch_size": 19, "depth": 5, "dropout": 0.15291467932134067, "ffn_hidden_size": 1132, "ffn_num_layers": 3, "final_lr": 1.7364566954538766e-06, "hidden_size": 1497, "init_lr": 5.15791499775114e-05, "max_lr": 0.0007718550374973192, "warmup_epochs": 5}