{"batch_size": 57, "depth": 2, "dropout": 0.18300982125218743, "ffn_hidden_size": 2400, "ffn_num_layers": 3, "final_lr": 2.9631253320484524e-05, "hidden_size": 2400, "init_lr": 7.435153761903906e-06, "max_lr": 0.0009047818296993138, "warmup_epochs": 4}