{"batch_size": 50, "depth": 2, "dropout": 0.3651386654089677, "ffn_hidden_size": 912, "ffn_num_layers": 1, "final_lr": 1.292931431241183e-07, "hidden_size": 1329, "init_lr": 1.3189908911842735e-08, "max_lr": 3.4333912904691186e-06, "warmup_epochs": 4}