{"batch_size": 89, "depth": 5, "dropout": 0.12473093066648532, "ffn_hidden_size": 1307, "ffn_num_layers": 3, "final_lr": 0.0005938270391710116, "hidden_size": 1458, "init_lr": 0.00031502926898255675, "max_lr": 0.0009253344143475046, "warmup_epochs": 5}