{
    "batch_size": 11,
    "depth": 5,
    "dropout": 0.12778761046428896,
    "ffn_hidden_size": 587,
    "ffn_num_layers": 3,
    "final_lr": 0.0003012236749694947,
    "hidden_size": 1017,
    "init_lr": 3.0482692551117504e-06,
    "max_lr": 0.0008403939972525889,
    "warmup_epochs": 6
}