{"batch_size": 10, "depth": 3, "dropout": 0.4, "ffn_hidden_size": 1513, "ffn_num_layers": 2, "final_lr": 0.0004964917709825915, "hidden_size": 900, "init_lr": 1.1088852159410545e-05, "max_lr": 0.0007602121942356156, "warmup_epochs": 6}