{"batch_size": 26, "depth": 6, "dropout": 0.3723408000294163, "ffn_hidden_size": 774, "ffn_num_layers": 3, "final_lr": 0.00019662837972226808, "hidden_size": 1458, "init_lr": 0.00011385453717606926, "max_lr": 0.0007040354112255611, "warmup_epochs": 6}