{"batch_size": 55, "depth": 4, "dropout": 0.20906069214882633, "ffn_hidden_size": 1893, "ffn_num_layers": 3, "final_lr": 0.00012462094278937807, "hidden_size": 2330, "init_lr": 2.6711542652282e-06, "max_lr": 0.00040956004864538915, "warmup_epochs": 4}