{"batch_size": 30, "depth": 3, "dropout": 0.1697286608050618, "ffn_hidden_size": 1750, "ffn_num_layers": 3, "final_lr": 2.8589407140838795e-06, "hidden_size": 1768, "init_lr": 5.439693587766627e-07, "max_lr": 0.00030612050768451764, "warmup_epochs": 5}