{"batch_size": 59, "depth": 4, "dropout": 0.21076202375153313, "ffn_hidden_size": 1610, "ffn_num_layers": 2, "final_lr": 1.1023059627019725e-06, "hidden_size": 962, "init_lr": 8.31157115320525e-05, "max_lr": 0.0005954626121476272, "warmup_epochs": 5}