{"batch_size": 14, "depth": 5, "dropout": 0.0002431695843849804, "ffn_hidden_size": 1148, "ffn_num_layers": 3, "final_lr": 0.00022973224760397553, "hidden_size": 2400, "init_lr": 0.00018616097315390495, "max_lr": 0.00022973224760397553, "warmup_epochs": 6}