{"batch_size": 61, "depth": 5, "dropout": 0.37005492233678533, "ffn_hidden_size": 1678, "ffn_num_layers": 3, "final_lr": 7.840179475324086e-10, "hidden_size": 1835, "init_lr": 8.684699396105099e-08, "max_lr": 4.908850786701779e-07, "warmup_epochs": 2}