{"batch_size": 51, "depth": 3, "dropout": 0.19122311461128289, "ffn_hidden_size": 1405, "ffn_num_layers": 3, "final_lr": 0.00026747783532251815, "hidden_size": 1292, "init_lr": 0.00013656751931531255, "max_lr": 0.0004629112301790783, "warmup_epochs": 5}