{
    "batch_size": 52,
    "depth": 3,
    "dropout": 0.11487353534362228,
    "ffn_hidden_size": 935,
    "ffn_num_layers": 3,
    "final_lr": 0.00010643616460576685,
    "hidden_size": 1911,
    "init_lr": 8.870104854322812e-05,
    "max_lr": 0.0008197378944208402,
    "warmup_epochs": 3
}