{
    "batch_size": 94,
    "depth": 6,
    "dropout": 0.0,
    "ffn_hidden_size": 423,
    "ffn_num_layers": 3,
    "final_lr": 0.0005741844597835508,
    "hidden_size": 1015,
    "init_lr": 1.053045791474556e-05,
    "max_lr": 0.0009335106843177183,
    "warmup_epochs": 4
}