{"batch_size": 11, "depth": 3, "dropout": 0.09269052007910025, "ffn_hidden_size": 1816, "ffn_num_layers": 3, "final_lr": 9.61315461198895e-05, "hidden_size": 1772, "init_lr": 3.021718750588069e-06, "max_lr": 0.0003524419877981999, "warmup_epochs": 6}