{"batch_size": 31, "depth": 5, "dropout": 0.3426146514270151, "ffn_hidden_size": 1842, "ffn_num_layers": 3, "final_lr": 0.0001396270825224947, "hidden_size": 2171, "init_lr": 0.00027787742741886923, "max_lr": 0.0005609403842113964, "warmup_epochs": 3}