{"batch_size": 10, "depth": 5, "dropout": 0.0, "ffn_hidden_size": 1582, "ffn_num_layers": 3, "final_lr": 0.00013242282143860644, "hidden_size": 1467, "init_lr": 9.502567122736513e-07, "max_lr": 0.0001938710951811853, "warmup_epochs": 3}