{"batch_size": 34, "depth": 3, "dropout": 0.0015112221124678011, "ffn_hidden_size": 2400, "ffn_num_layers": 3, "final_lr": 0.0005414479110635654, "hidden_size": 2400, "init_lr": 8.909830719877381e-07, "max_lr": 0.0008909830719877381, "warmup_epochs": 6}