{"batch_size": 10, "depth": 2, "dropout": 0.0, "ffn_hidden_size": 854, "ffn_num_layers": 3, "final_lr": 2.155493942430309e-05, "hidden_size": 1277, "init_lr": 1.5143735203714213e-05, "max_lr": 0.00015098961193563544, "warmup_epochs": 4}