{"batch_size": 63, "depth": 2, "dropout": 0.15436266455216854, "ffn_hidden_size": 556, "ffn_num_layers": 2, "final_lr": 3.746238476557554e-08, "hidden_size": 1497, "init_lr": 2.5882119399403723e-08, "max_lr": 2.018590908777849e-05, "warmup_epochs": 6}