{"batch_size": 70, "depth": 6, "dropout": 0.2389284510273509, "ffn_hidden_size": 443, "ffn_num_layers": 1, "final_lr": 1.1310778753896885e-08, "hidden_size": 1126, "init_lr": 3.403140558229327e-06, "max_lr": 6.579900001315923e-06, "warmup_epochs": 3}