{"batch_size": 96, "depth": 5, "dropout": 0.01026781341958757, "ffn_hidden_size": 1259, "ffn_num_layers": 1, "final_lr": 1.85408288574334e-06, "hidden_size": 815, "init_lr": 6.8834568469948205e-06, "max_lr": 0.00016207427410582114, "warmup_epochs": 2}