{"batch_size": 60, "depth": 5, "dropout": 0.28677068142912293, "ffn_hidden_size": 1586, "ffn_num_layers": 3, "final_lr": 6.172087559276965e-05, "hidden_size": 1575, "init_lr": 0.00017128523845281326, "max_lr": 0.000991029574415288, "warmup_epochs": 2}