{
    "batch_size": 10,
    "depth": 5,
    "dropout": 6.915851685362201e-05,
    "ffn_hidden_size": 300,
    "ffn_num_layers": 3,
    "final_lr": 0.0005856220021309997,
    "hidden_size": 782,
    "init_lr": 6.197195831605569e-07,
    "max_lr": 0.0006197195831605569,
    "warmup_epochs": 5
}