{
    "batch_size": 10,
    "depth": 5,
    "dropout": 0.0,
    "ffn_hidden_size": 1680,
    "ffn_num_layers": 3,
    "final_lr": 0.00016253898466745347,
    "hidden_size": 2400,
    "init_lr": 1.6253898466745348e-07,
    "max_lr": 0.00016253898466745347,
    "warmup_epochs": 6
}