{"batch_size": 63, "depth": 6, "dropout": 0.01874230534819986, "ffn_hidden_size": 682, "ffn_num_layers": 2, "final_lr": 1.2702045324588093e-05, "hidden_size": 300, "init_lr": 5.155619922671134e-07, "max_lr": 0.00018125673778672055, "warmup_epochs": 4}