{"batch_size": 11, "depth": 5, "dropout": 0.19008901736246236, "ffn_hidden_size": 1577, "ffn_num_layers": 2, "final_lr": 3.5695927750872765e-05, "hidden_size": 1888, "init_lr": 1.57775010283517e-05, "max_lr": 0.0003645121891155002, "warmup_epochs": 5}