{"batch_size": 20, "depth": 5, "dropout": 0.32349495645927484, "ffn_hidden_size": 1973, "ffn_num_layers": 3, "final_lr": 1.6116952086905107e-06, "hidden_size": 1900, "init_lr": 4.089283608350011e-06, "max_lr": 0.00020272881115801372, "warmup_epochs": 6}