{"batch_size": 14, "depth": 6, "dropout": 0.00503761560890809, "ffn_hidden_size": 1007, "ffn_num_layers": 2, "final_lr": 0.00017321896691230152, "hidden_size": 2397, "init_lr": 0.0008340600390611893, "max_lr": 0.0008340600390611893, "warmup_epochs": 6}