{"batch_size": 50, "depth": 4, "dropout": 0.12467959177802172, "ffn_hidden_size": 1146, "ffn_num_layers": 3, "final_lr": 1.4447797897731473e-06, "hidden_size": 1498, "init_lr": 3.972571377544457e-05, "max_lr": 0.00023781440325954634, "warmup_epochs": 6}