{"batch_size": 87, "depth": 6, "dropout": 0.14087795061647362, "ffn_hidden_size": 1956, "ffn_num_layers": 2, "final_lr": 0.00032902756668957126, "hidden_size": 2366, "init_lr": 3.3531131901558218e-06, "max_lr": 0.00032902756668957126, "warmup_epochs": 5}