{"batch_size": 69, "depth": 6, "dropout": 0.006902892946743811, "ffn_hidden_size": 357, "ffn_num_layers": 3, "final_lr": 0.000977166335636503, "hidden_size": 1260, "init_lr": 1.1405298636602247e-05, "max_lr": 0.001, "warmup_epochs": 4}