{"batch_size": 43, "depth": 6, "dropout": 0.10961378813409575, "ffn_hidden_size": 806, "ffn_num_layers": 2, "final_lr": 3.3652184983010604e-09, "hidden_size": 1334, "init_lr": 2.6372997276632296e-10, "max_lr": 4.1186748828120994e-08, "warmup_epochs": 2}