{"batch_size": 100, "depth": 4, "dropout": 0.4, "ffn_hidden_size": 1356, "ffn_num_layers": 3, "final_lr": 7.11610017475445e-05, "hidden_size": 2222, "init_lr": 4.247783504310998e-05, "max_lr": 0.00027344455006654035, "warmup_epochs": 4}