{"batch_size": 39, "depth": 5, "dropout": 0.0, "ffn_hidden_size": 575, "ffn_num_layers": 3, "final_lr": 0.00023451179881056386, "hidden_size": 2269, "init_lr": 1.2180360114070124e-05, "max_lr": 0.001, "warmup_epochs": 2}