{"batch_size": 10, "depth": 6, "dropout": 0.00046156780522976413, "ffn_hidden_size": 354, "ffn_num_layers": 3, "final_lr": 0.0004685623941259427, "hidden_size": 2055, "init_lr": 0.0004685623941259427, "max_lr": 0.0004685623941259427, "warmup_epochs": 3}