{"batch_size": 10, "depth": 6, "dropout": 0.16743860703700264, "ffn_hidden_size": 2400, "ffn_num_layers": 3, "final_lr": 1.3634968514616877e-06, "hidden_size": 2400, "init_lr": 1.4134895254451218e-07, "max_lr": 0.00014125317168863692, "warmup_epochs": 2}