{"batch_size": 73, "depth": 5, "dropout": 0.0782735848680657, "ffn_hidden_size": 592, "ffn_num_layers": 2, "final_lr": 1.5082721976875484e-05, "hidden_size": 2288, "init_lr": 6.6090739273797816e-06, "max_lr": 0.0008770875721900496, "warmup_epochs": 5}