{"batch_size": 97, "depth": 5, "dropout": 0.02718633394294755, "ffn_hidden_size": 1575, "ffn_num_layers": 1, "final_lr": 0.0005697897445652914, "hidden_size": 2263, "init_lr": 8.502621366483596e-05, "max_lr": 0.0006124692736343474, "warmup_epochs": 5}