{"batch_size": 39, "depth": 4, "dropout": 0.14274215672424517, "ffn_hidden_size": 1938, "ffn_num_layers": 3, "final_lr": 0.0001724175556829933, "hidden_size": 2376, "init_lr": 2.511774710208672e-06, "max_lr": 0.00041922962043273743, "warmup_epochs": 6}