{"batch_size": 47, "depth": 5, "dropout": 0.0, "ffn_hidden_size": 300, "ffn_num_layers": 3, "final_lr": 4.3024716828075225e-06, "hidden_size": 972, "init_lr": 5.994442574201337e-07, "max_lr": 0.00021985761280939105, "warmup_epochs": 2}