{"batch_size": 79, "depth": 4, "dropout": 0.025543535939822212, "ffn_hidden_size": 1788, "ffn_num_layers": 3, "final_lr": 0.0001099588490378038, "hidden_size": 2400, "init_lr": 0.0003606670265467801, "max_lr": 0.00039218005224393, "warmup_epochs": 4}