{"batch_size": 33, "depth": 6, "dropout": 0.3828357718563648, "ffn_hidden_size": 1429, "ffn_num_layers": 3, "final_lr": 0.00013962708252249467, "hidden_size": 2269, "init_lr": 0.0003348147640663348, "max_lr": 0.0005609403842113962, "warmup_epochs": 3}