{"batch_size": 10, "depth": 4, "dropout": 0.0, "ffn_hidden_size": 999, "ffn_num_layers": 3, "final_lr": 0.00013443449610801088, "hidden_size": 2028, "init_lr": 1.3785578332728953e-07, "max_lr": 0.00013443449610801088, "warmup_epochs": 5}