{"batch_size": 64, "depth": 2, "dropout": 0.2171026240055022, "ffn_hidden_size": 523, "ffn_num_layers": 2, "final_lr": 5.4583676471229465e-05, "hidden_size": 1774, "init_lr": 0.00031622366178511556, "max_lr": 0.0006287433268378197, "warmup_epochs": 4}