{"batch_size": 10, "depth": 5, "dropout": 0.24824788566134787, "ffn_hidden_size": 300, "ffn_num_layers": 2, "final_lr": 0.00011280318590273178, "hidden_size": 2260, "init_lr": 0.0009085056647952955, "max_lr": 0.0009085056647952955, "warmup_epochs": 6}