{"batch_size": 10, "depth": 2, "dropout": 0.0016752206086956597, "ffn_hidden_size": 300, "ffn_num_layers": 3, "final_lr": 3.242930373404463e-05, "hidden_size": 2400, "init_lr": 6.0317185238317226e-06, "max_lr": 0.0002565476487933804, "warmup_epochs": 6}