{"batch_size": 21, "depth": 6, "dropout": 0.11746431787476813, "ffn_hidden_size": 1685, "ffn_num_layers": 2, "final_lr": 5.303821633636421e-07, "hidden_size": 1308, "init_lr": 4.3247796208245415e-06, "max_lr": 0.00011676926174754907, "warmup_epochs": 3}