{"batch_size": 47, "depth": 4, "dropout": 0.2414701199597252, "ffn_hidden_size": 1304, "ffn_num_layers": 3, "final_lr": 2.7915524574650976e-06, "hidden_size": 1431, "init_lr": 0.0006256039800163508, "max_lr": 0.0006263234793783321, "warmup_epochs": 4}