{"batch_size": 12, "depth": 4, "dropout": 0.06633547057824617, "ffn_hidden_size": 2132, "ffn_num_layers": 3, "final_lr": 5.752757122884697e-07, "hidden_size": 1293, "init_lr": 1.1482515170498535e-06, "max_lr": 0.0005752757122884696, "warmup_epochs": 2}