{"batch_size": 90, "depth": 3, "dropout": 0.24584125661980094, "ffn_hidden_size": 968, "ffn_num_layers": 2, "final_lr": 0.0005443911224556118, "hidden_size": 1654, "init_lr": 0.00011514622189838127, "max_lr": 0.0005741478710885319, "warmup_epochs": 4}