{"batch_size": 53, "depth": 5, "dropout": 0.23400701732685913, "ffn_hidden_size": 2057, "ffn_num_layers": 1, "final_lr": 0.00014767360694767042, "hidden_size": 1609, "init_lr": 1.1993529085406094e-05, "max_lr": 0.00018369473258649435, "warmup_epochs": 3}