{"batch_size": 25, "depth": 2, "dropout": 0.2219924218677965, "ffn_hidden_size": 2367, "ffn_num_layers": 3, "final_lr": 7.584671729810632e-05, "hidden_size": 2393, "init_lr": 5.813983801731596e-07, "max_lr": 0.0004922387735545765, "warmup_epochs": 2}