{"batch_size": 31, "depth": 5, "dropout": 0.22967685098994625, "ffn_hidden_size": 2148, "ffn_num_layers": 2, "final_lr": 0.0001836980363096875, "hidden_size": 1725, "init_lr": 1.1749691649223428e-05, "max_lr": 0.0001836980363096875, "warmup_epochs": 3}