{
    "batch_size": 25,
    "depth": 4,
    "dropout": 0.1264194388421919,
    "ffn_hidden_size": 597,
    "ffn_num_layers": 3,
    "final_lr": 0.00034561354443545504,
    "hidden_size": 868,
    "init_lr": 9.996908193539234e-07,
    "max_lr": 0.0009996908193539234,
    "warmup_epochs": 5
}