{"batch_size": 28, "depth": 4, "dropout": 0.10932411300921425, "ffn_hidden_size": 321, "ffn_num_layers": 3, "final_lr": 8.239058058305168e-10, "hidden_size": 2188, "init_lr": 5.583158919432042e-08, "max_lr": 6.43440672137843e-07, "warmup_epochs": 5}