{"batch_size": 24, "depth": 3, "dropout": 0.11744201749858839, "ffn_hidden_size": 2350, "ffn_num_layers": 3, "final_lr": 1.9055317372442017e-05, "hidden_size": 1845, "init_lr": 2.0838539089497227e-06, "max_lr": 0.0006326368039551508, "warmup_epochs": 2}