{"batch_size": 10, "depth": 3, "dropout": 0.19508089186134814, "ffn_hidden_size": 1273, "ffn_num_layers": 2, "final_lr": 0.0002973258242485483, "hidden_size": 624, "init_lr": 3.4498016481062624e-06, "max_lr": 0.001, "warmup_epochs": 5}