{"batch_size": 10, "depth": 2, "dropout": 0.0, "ffn_hidden_size": 1604, "ffn_num_layers": 3, "final_lr": 0.0005126953199264793, "hidden_size": 1916, "init_lr": 0.0007978165543875393, "max_lr": 0.0007978165543875393, "warmup_epochs": 5}