{"batch_size": 32, "depth": 3, "dropout": 0.15807540106944065, "ffn_hidden_size": 1999, "ffn_num_layers": 3, "final_lr": 3.2838097751848745e-06, "hidden_size": 1235, "init_lr": 4.4155495996503324e-07, "max_lr": 0.00030621142558777994, "warmup_epochs": 4}