{"batch_size": 58, "depth": 2, "dropout": 0.18135223993530614, "ffn_hidden_size": 1972, "ffn_num_layers": 2, "final_lr": 1.061948656469313e-05, "hidden_size": 1031, "init_lr": 1.4596725700367687e-05, "max_lr": 0.0008201424938333995, "warmup_epochs": 3}