{"batch_size": 10, "depth": 3, "dropout": 0.0009340727615293317, "ffn_hidden_size": 1202, "ffn_num_layers": 3, "final_lr": 2.6666446640565758e-05, "hidden_size": 2339, "init_lr": 0.0002521537621796504, "max_lr": 0.0002521537621796504, "warmup_epochs": 6}