{"batch_size": 10, "depth": 3, "dropout": 0.0007027201872182266, "ffn_hidden_size": 1225, "ffn_num_layers": 3, "final_lr": 0.00027321591445678747, "hidden_size": 1241, "init_lr": 3.827810393739944e-06, "max_lr": 0.0004341510958162781, "warmup_epochs": 6}