{"batch_size": 91, "depth": 5, "dropout": 0.01682612044585996, "ffn_hidden_size": 2051, "ffn_num_layers": 3, "final_lr": 5.316655003485623e-05, "hidden_size": 1671, "init_lr": 5.353105813729442e-07, "max_lr": 0.0004652206096065787, "warmup_epochs": 3}