{"batch_size": 58, "depth": 2, "dropout": 0.27561963711070936, "ffn_hidden_size": 858, "ffn_num_layers": 2, "final_lr": 5.478060489108662e-05, "hidden_size": 1807, "init_lr": 0.0004602921899576775, "max_lr": 0.0006286866863079274, "warmup_epochs": 4}