{"batch_size": 10, "depth": 4, "dropout": 0.2684455318568979, "ffn_hidden_size": 1961, "ffn_num_layers": 3, "final_lr": 1.3476778787352152e-05, "hidden_size": 1826, "init_lr": 4.2679751476474594e-07, "max_lr": 0.00042679751476474594, "warmup_epochs": 2}