{"batch_size": 23, "depth": 4, "dropout": 0.0448922345378136, "ffn_hidden_size": 1345, "ffn_num_layers": 3, "final_lr": 0.00043725714460786115, "hidden_size": 1624, "init_lr": 0.000194659144944046, "max_lr": 0.00045071552897108625, "warmup_epochs": 4}