{"batch_size": 31, "depth": 2, "dropout": 0.2380437989892606, "ffn_hidden_size": 2400, "ffn_num_layers": 3, "final_lr": 6.264999670090795e-05, "hidden_size": 1342, "init_lr": 1.320371522006374e-05, "max_lr": 6.264999670090795e-05, "warmup_epochs": 5}