{"batch_size": 85, "depth": 2, "dropout": 0.2869055363282363, "ffn_hidden_size": 2246, "ffn_num_layers": 3, "final_lr": 7.375108203098639e-08, "hidden_size": 888, "init_lr": 1.1498840565967931e-08, "max_lr": 1.2239456308880435e-07, "warmup_epochs": 2}