{"batch_size": 54, "depth": 5, "dropout": 0.31152959787022194, "ffn_hidden_size": 1934, "ffn_num_layers": 3, "final_lr": 6.017974009268828e-09, "hidden_size": 685, "init_lr": 1.889112617492268e-09, "max_lr": 7.418199999300098e-08, "warmup_epochs": 2}