{"batch_size": 10, "depth": 3, "dropout": 0.0, "ffn_hidden_size": 646, "ffn_num_layers": 3, "final_lr": 2.5219138354808242e-05, "hidden_size": 1536, "init_lr": 4.465883814837224e-05, "max_lr": 0.0003836808599715125, "warmup_epochs": 4}