{"batch_size": 88, "depth": 3, "dropout": 0.38092730905234756, "ffn_hidden_size": 408, "ffn_num_layers": 1, "final_lr": 2.2856170672699427e-09, "hidden_size": 1341, "init_lr": 1.8665102007481303e-07, "max_lr": 2.9997520814175557e-07, "warmup_epochs": 2}