{"batch_size": 15, "depth": 5, "dropout": 0.22267971868058428, "ffn_hidden_size": 1216, "ffn_num_layers": 3, "final_lr": 6.904313112748483e-07, "hidden_size": 1082, "init_lr": 0.00014113893555873095, "max_lr": 0.0006904313112748483, "warmup_epochs": 4}