{"batch_size": 54, "depth": 5, "dropout": 0.09123325480593009, "ffn_hidden_size": 1573, "ffn_num_layers": 2, "final_lr": 2.9317455836958587e-05, "hidden_size": 1788, "init_lr": 2.637730337430302e-06, "max_lr": 0.0001059353731809377, "warmup_epochs": 2}