{"batch_size": 43, "depth": 5, "dropout": 0.026003221454012435, "ffn_hidden_size": 539, "ffn_num_layers": 3, "final_lr": 2.98340420322336e-06, "hidden_size": 930, "init_lr": 4.2669477492774176e-07, "max_lr": 0.00021985761280939105, "warmup_epochs": 3}