{"batch_size": 10, "depth": 5, "dropout": 0.1676950890774185, "ffn_hidden_size": 2400, "ffn_num_layers": 2, "final_lr": 6.387576157649004e-06, "hidden_size": 626, "init_lr": 0.001, "max_lr": 0.001, "warmup_epochs": 5}