{"batch_size": 10, "depth": 2, "dropout": 0.005684678185616323, "ffn_hidden_size": 2400, "ffn_num_layers": 3, "final_lr": 0.00011791413286208339, "hidden_size": 300, "init_lr": 2.592034033853838e-07, "max_lr": 0.0002592034033853838, "warmup_epochs": 5}