{"batch_size": 21, "depth": 5, "dropout": 0.2701133746014256, "ffn_hidden_size": 937, "ffn_num_layers": 3, "final_lr": 0.00015250521152517402, "hidden_size": 1498, "init_lr": 1.1435508767619972e-05, "max_lr": 0.00015250521152517402, "warmup_epochs": 4}