{"batch_size": 10, "depth": 5, "dropout": 0.005062712102020939, "ffn_hidden_size": 2398, "ffn_num_layers": 2, "final_lr": 8.132281094202247e-05, "hidden_size": 1484, "init_lr": 8.780665992348605e-05, "max_lr": 0.001, "warmup_epochs": 4}