{"batch_size": 13, "depth": 6, "dropout": 0.1425296932476258, "ffn_hidden_size": 1361, "ffn_num_layers": 3, "final_lr": 3.342188792451455e-05, "hidden_size": 1931, "init_lr": 3.756658964470916e-06, "max_lr": 0.00011072677734066431, "warmup_epochs": 4}