{"batch_size": 36, "depth": 3, "dropout": 0.301506178362256, "ffn_hidden_size": 2065, "ffn_num_layers": 2, "final_lr": 6.673456604451108e-05, "hidden_size": 651, "init_lr": 6.137702939349609e-05, "max_lr": 6.789226308422623e-05, "warmup_epochs": 6}