{"batch_size": 41, "depth": 3, "dropout": 0.08142017430096352, "ffn_hidden_size": 1650, "ffn_num_layers": 3, "final_lr": 2.074497275665217e-05, "hidden_size": 2400, "init_lr": 1.4814962537825222e-05, "max_lr": 0.0006002584050307248, "warmup_epochs": 4}