{"batch_size": 79, "depth": 2, "dropout": 0.3299419132198912, "ffn_hidden_size": 365, "ffn_num_layers": 1, "final_lr": 4.144432065365743e-07, "hidden_size": 2152, "init_lr": 2.4636345173087984e-08, "max_lr": 9.388357070001714e-06, "warmup_epochs": 6}