{"batch_size": 37, "depth": 2, "dropout": 0.1454875536232398, "ffn_hidden_size": 2070, "ffn_num_layers": 3, "final_lr": 6.902457890656946e-05, "hidden_size": 1923, "init_lr": 2.973740029890318e-06, "max_lr": 0.0002743103819660782, "warmup_epochs": 6}