{"batch_size": 10, "depth": 5, "dropout": 0.0, "ffn_hidden_size": 1208, "ffn_num_layers": 3, "final_lr": 0.00018609663482913602, "hidden_size": 2397, "init_lr": 5.519420814653275e-06, "max_lr": 0.00018609663482913602, "warmup_epochs": 2}