{"batch_size": 17, "depth": 5, "dropout": 0.0, "ffn_hidden_size": 1873, "ffn_num_layers": 2, "final_lr": 5.303821633636421e-07, "hidden_size": 1112, "init_lr": 3.4351519612815473e-06, "max_lr": 0.00011676926174754907, "warmup_epochs": 3}