{"batch_size": 59, "depth": 3, "dropout": 0.07139315973076164, "ffn_hidden_size": 2400, "ffn_num_layers": 3, "final_lr": 4.051156103435819e-05, "hidden_size": 1556, "init_lr": 6.868239550508774e-05, "max_lr": 0.0003669768064572351, "warmup_epochs": 3}