{"batch_size": 46, "depth": 4, "dropout": 0.15988429378351776, "ffn_hidden_size": 993, "ffn_num_layers": 3, "final_lr": 0.00014562002569003246, "hidden_size": 1491, "init_lr": 3.9451651937538126e-05, "max_lr": 0.0005670182885919575, "warmup_epochs": 3}