{"batch_size": 10, "depth": 5, "dropout": 0.0, "ffn_hidden_size": 781, "ffn_num_layers": 2, "final_lr": 6.3663288155266905e-06, "hidden_size": 1626, "init_lr": 5.714547051063132e-07, "max_lr": 0.0003751951952519354, "warmup_epochs": 5}