{"batch_size": 60, "depth": 3, "dropout": 0.15089573377372298, "ffn_hidden_size": 2364, "ffn_num_layers": 2, "final_lr": 4.2736567996844475e-06, "hidden_size": 878, "init_lr": 2.05620682069393e-06, "max_lr": 0.0002716543413359885, "warmup_epochs": 5}