{"batch_size": 95, "depth": 2, "dropout": 0.06055928181672774, "ffn_hidden_size": 1118, "ffn_num_layers": 2, "final_lr": 1.6591949542362162e-08, "hidden_size": 697, "init_lr": 1.0983096712499986e-06, "max_lr": 3.1548641184131917e-06, "warmup_epochs": 2}