{"batch_size": 67, "depth": 2, "dropout": 0.33517095868124686, "ffn_hidden_size": 2097, "ffn_num_layers": 1, "final_lr": 1.4553632899396473e-05, "hidden_size": 2270, "init_lr": 9.059186745279155e-07, "max_lr": 0.0004397371644544829, "warmup_epochs": 3}