{"batch_size": 62, "depth": 6, "dropout": 0.06878837637436157, "ffn_hidden_size": 1701, "ffn_num_layers": 1, "final_lr": 3.18364181533025e-07, "hidden_size": 654, "init_lr": 5.395323749818255e-08, "max_lr": 5.170105402017623e-05, "warmup_epochs": 4}