{"batch_size": 34, "depth": 5, "dropout": 0.39099468912104096, "ffn_hidden_size": 1632, "ffn_num_layers": 3, "final_lr": 8.325779427504437e-05, "hidden_size": 2163, "init_lr": 0.00036096948107111404, "max_lr": 0.0005609683060976824, "warmup_epochs": 3}