{"batch_size": 10, "depth": 6, "dropout": 0.28708848643670887, "ffn_hidden_size": 1516, "ffn_num_layers": 2, "final_lr": 5.648218369546194e-05, "hidden_size": 2030, "init_lr": 1.4036296877049673e-05, "max_lr": 0.00042496221031992253, "warmup_epochs": 6}