{"batch_size": 11, "depth": 4, "dropout": 0.38485029025568174, "ffn_hidden_size": 1269, "ffn_num_layers": 1, "final_lr": 1.5404627264363497e-06, "hidden_size": 2353, "init_lr": 5.951455355556494e-07, "max_lr": 4.9743605415622665e-05, "warmup_epochs": 5}