{"batch_size": 58, "depth": 3, "dropout": 0.35011050760894435, "ffn_hidden_size": 2232, "ffn_num_layers": 2, "final_lr": 1.5078491588730655e-06, "hidden_size": 853, "init_lr": 0.0001375872118384215, "max_lr": 0.0009259058044226969, "warmup_epochs": 2}