{"batch_size": 10, "depth": 6, "dropout": 0.39750295383930334, "ffn_hidden_size": 1691, "ffn_num_layers": 3, "final_lr": 0.0001106797961472776, "hidden_size": 1267, "init_lr": 0.00021355318433899037, "max_lr": 0.00021355318433899037, "warmup_epochs": 6}