{
    "batch_size": 10,
    "depth": 3,
    "dropout": 0.10172405597229574,
    "ffn_hidden_size": 1200,
    "ffn_num_layers": 3,
    "final_lr": 2.41119140153868e-05,
    "hidden_size": 1089,
    "init_lr": 1.0475719363072022e-05,
    "max_lr": 0.0003969112579037363,
    "warmup_epochs": 4
}