{"batch_size": 36, "depth": 5, "dropout": 0.0, "ffn_hidden_size": 1194, "ffn_num_layers": 2, "final_lr": 0.0009478276348196777, "hidden_size": 2394, "init_lr": 1.5072488159697585e-05, "max_lr": 0.001, "warmup_epochs": 3}