{"batch_size": 53, "depth": 2, "dropout": 0.28866948439426554, "ffn_hidden_size": 1990, "ffn_num_layers": 2, "final_lr": 9.420631556748245e-06, "hidden_size": 2114, "init_lr": 9.103630872691597e-07, "max_lr": 0.00043967184028631545, "warmup_epochs": 2}