{"batch_size": 13, "depth": 5, "dropout": 0.2684968478344181, "ffn_hidden_size": 2391, "ffn_num_layers": 3, "final_lr": 4.6525555102599e-05, "hidden_size": 1630, "init_lr": 1.481321148636319e-06, "max_lr": 0.0005842549777889737, "warmup_epochs": 3}