{"batch_size": 90, "depth": 4, "dropout": 0.17146166977115695, "ffn_hidden_size": 908, "ffn_num_layers": 3, "final_lr": 4.5153885571595275e-06, "hidden_size": 704, "init_lr": 5.596288895090992e-06, "max_lr": 0.0004917243321477104, "warmup_epochs": 5}