{"batch_size": 43, "depth": 6, "dropout": 0.0002108444176638582, "ffn_hidden_size": 1118, "ffn_num_layers": 3, "final_lr": 6.551154140853573e-07, "hidden_size": 1574, "init_lr": 8.764828571852318e-06, "max_lr": 0.0006551154140853573, "warmup_epochs": 5}