{"batch_size": 10, "depth": 6, "dropout": 0.10504523400416034, "ffn_hidden_size": 2400, "ffn_num_layers": 3, "final_lr": 0.001, "hidden_size": 2157, "init_lr": 1.0006120227977363e-06, "max_lr": 0.001, "warmup_epochs": 3}