{"batch_size": 10, "depth": 3, "dropout": 0.06919333116341274, "ffn_hidden_size": 2400, "ffn_num_layers": 2, "final_lr": 0.00013486570128104592, "hidden_size": 2400, "init_lr": 0.00014599138786400612, "max_lr": 0.0003788637672146083, "warmup_epochs": 4}