{"batch_size": 72, "depth": 5, "dropout": 0.09002061170095337, "ffn_hidden_size": 825, "ffn_num_layers": 2, "final_lr": 2.324399767376036e-05, "hidden_size": 2400, "init_lr": 7.226069271423839e-06, "max_lr": 0.000876722356658105, "warmup_epochs": 5}