{"batch_size": 56, "depth": 5, "dropout": 0.0, "ffn_hidden_size": 1599, "ffn_num_layers": 3, "final_lr": 6.18337733922893e-06, "hidden_size": 1228, "init_lr": 1.947494325837449e-06, "max_lr": 0.0002785734332721428, "warmup_epochs": 2}