{"batch_size": 10, "depth": 3, "dropout": 0.4, "ffn_hidden_size": 2400, "ffn_num_layers": 2, "final_lr": 6.147105359211377e-05, "hidden_size": 708, "init_lr": 9.583705082660922e-06, "max_lr": 0.00028756381828945037, "warmup_epochs": 5}