{"batch_size": 77, "depth": 4, "dropout": 0.0, "ffn_hidden_size": 300, "ffn_num_layers": 3, "final_lr": 0.000670618598643825, "hidden_size": 1147, "init_lr": 7.363693961031904e-07, "max_lr": 0.0007186895757843388, "warmup_epochs": 4}