{"batch_size": 10, "depth": 5, "dropout": 0.004901208281227051, "ffn_hidden_size": 925, "ffn_num_layers": 2, "final_lr": 3.543148967983911e-07, "hidden_size": 1716, "init_lr": 5.766682308103595e-07, "max_lr": 0.0003543148967983911, "warmup_epochs": 4}