{"batch_size": 93, "depth": 6, "dropout": 0.054999521419289626, "ffn_hidden_size": 418, "ffn_num_layers": 3, "final_lr": 3.848666699104035e-07, "hidden_size": 1989, "init_lr": 7.418041058217196e-09, "max_lr": 9.78940005851257e-07, "warmup_epochs": 3}