{"batch_size": 62, "depth": 4, "dropout": 0.16955214305167088, "ffn_hidden_size": 1188, "ffn_num_layers": 3, "final_lr": 0.00012600546443707476, "hidden_size": 1974, "init_lr": 9.239980003520709e-05, "max_lr": 0.0009323186310133321, "warmup_epochs": 5}