{"batch_size": 10, "depth": 2, "dropout": 0.033181381973894496, "ffn_hidden_size": 2359, "ffn_num_layers": 2, "final_lr": 0.000622800096049454, "hidden_size": 1574, "init_lr": 7.272749281236039e-05, "max_lr": 0.000622800096049454, "warmup_epochs": 4}