{"batch_size": 22, "depth": 4, "dropout": 0.001439005423379394, "ffn_hidden_size": 300, "ffn_num_layers": 3, "final_lr": 0.001, "hidden_size": 625, "init_lr": 1.9933483366307812e-05, "max_lr": 0.001, "warmup_epochs": 3}