{"batch_size": 92, "depth": 3, "dropout": 0.11548455496877663, "ffn_hidden_size": 611, "ffn_num_layers": 1, "final_lr": 2.155980846286284e-08, "hidden_size": 302, "init_lr": 2.0027738187801817e-08, "max_lr": 1.157978481716239e-05, "warmup_epochs": 6}