{"batch_size": 56, "depth": 2, "dropout": 0.17279324683561195, "ffn_hidden_size": 459, "ffn_num_layers": 3, "final_lr": 4.957909159010011e-05, "hidden_size": 1684, "init_lr": 0.00044532002727784396, "max_lr": 0.0006286866863079274, "warmup_epochs": 5}