{"batch_size": 16, "depth": 5, "dropout": 0.27140140869613666, "ffn_hidden_size": 1765, "ffn_num_layers": 2, "final_lr": 9.586328265010905e-05, "hidden_size": 1453, "init_lr": 1.7199313197328743e-06, "max_lr": 0.0008133796593129898, "warmup_epochs": 4}