{"batch_size": 26, "depth": 6, "dropout": 0.0, "ffn_hidden_size": 1933, "ffn_num_layers": 3, "final_lr": 8.858675591296732e-05, "hidden_size": 2400, "init_lr": 9.177004164917162e-05, "max_lr": 9.177004164917162e-05, "warmup_epochs": 4}