{"batch_size": 24, "depth": 5, "dropout": 0.20210120070809648, "ffn_hidden_size": 345, "ffn_num_layers": 2, "final_lr": 0.0003935363597403931, "hidden_size": 1473, "init_lr": 3.907508119614138e-06, "max_lr": 0.0003935363597403931, "warmup_epochs": 4}