{"batch_size": 27, "depth": 2, "dropout": 0.13877477023473878, "ffn_hidden_size": 1633, "ffn_num_layers": 2, "final_lr": 6.644946440968797e-05, "hidden_size": 2400, "init_lr": 5.258471972641509e-06, "max_lr": 0.00041762310868153154, "warmup_epochs": 4}