{"batch_size": 13, "depth": 6, "dropout": 0.005043435766294874, "ffn_hidden_size": 1839, "ffn_num_layers": 3, "final_lr": 5.303821633636419e-07, "hidden_size": 1396, "init_lr": 3.435151961281547e-06, "max_lr": 0.00011676926174754907, "warmup_epochs": 3}