{"batch_size": 10, "depth": 2, "dropout": 0.0, "ffn_hidden_size": 2400, "ffn_num_layers": 3, "final_lr": 5.775935833318425e-05, "hidden_size": 1097, "init_lr": 7.421642477672466e-08, "max_lr": 5.775935833318425e-05, "warmup_epochs": 4}