{"batch_size": 42, "depth": 3, "dropout": 0.002172239308569544, "ffn_hidden_size": 1187, "ffn_num_layers": 3, "final_lr": 0.00024863621405711236, "hidden_size": 1283, "init_lr": 6.961752725386482e-05, "max_lr": 0.000976728089155053, "warmup_epochs": 3}