{"batch_size": 73, "depth": 6, "dropout": 0.27605542561964713, "ffn_hidden_size": 1175, "ffn_num_layers": 2, "final_lr": 0.000493892744531841, "hidden_size": 1697, "init_lr": 5.131488178795438e-05, "max_lr": 0.0004957499472415803, "warmup_epochs": 5}