{"batch_size": 80, "depth": 5, "dropout": 0.06988110324433996, "ffn_hidden_size": 1390, "ffn_num_layers": 3, "final_lr": 0.0009253344143475046, "hidden_size": 984, "init_lr": 0.00027180375330219703, "max_lr": 0.0009253344143475046, "warmup_epochs": 6}