{"batch_size": 31, "depth": 5, "dropout": 3.4525417828554124e-05, "ffn_hidden_size": 2400, "ffn_num_layers": 3, "final_lr": 0.0004184082665148657, "hidden_size": 1978, "init_lr": 7.841081480440676e-06, "max_lr": 0.0004184082665148657, "warmup_epochs": 3}