{"batch_size": 10, "depth": 4, "dropout": 0.015729544491261967, "ffn_hidden_size": 2159, "ffn_num_layers": 3, "final_lr": 3.685935086784356e-05, "hidden_size": 1684, "init_lr": 2.491694335911949e-06, "max_lr": 0.00011923106855687135, "warmup_epochs": 4}