{"batch_size": 31, "depth": 6, "dropout": 0.34540490311486044, "ffn_hidden_size": 2337, "ffn_num_layers": 2, "final_lr": 9.335289236351117e-10, "hidden_size": 627, "init_lr": 7.275266208585213e-09, "max_lr": 5.685066868440612e-07, "warmup_epochs": 6}