{"batch_size": 10, "depth": 5, "dropout": 0.0, "ffn_hidden_size": 1951, "ffn_num_layers": 2, "final_lr": 0.0005032940038296641, "hidden_size": 1916, "init_lr": 1.0606762656214993e-06, "max_lr": 0.001, "warmup_epochs": 2}