{"batch_size": 47, "depth": 4, "dropout": 0.13967724255345842, "ffn_hidden_size": 1373, "ffn_num_layers": 3, "final_lr": 1.302243542573341e-06, "hidden_size": 1263, "init_lr": 4.263269087483844e-05, "max_lr": 0.00023781440325954634, "warmup_epochs": 5}