{"batch_size": 42, "depth": 5, "dropout": 0.021938260040567027, "ffn_hidden_size": 706, "ffn_num_layers": 3, "final_lr": 5.5460694361625615e-06, "hidden_size": 793, "init_lr": 5.387797123112049e-07, "max_lr": 0.00021985761280939105, "warmup_epochs": 3}