{"batch_size": 69, "depth": 2, "dropout": 0.26950225560989655, "ffn_hidden_size": 330, "ffn_num_layers": 2, "final_lr": 5.4583676471229485e-05, "hidden_size": 1969, "init_lr": 0.0004734470208432925, "max_lr": 0.0006287433268378199, "warmup_epochs": 5}