{"batch_size": 10, "depth": 4, "dropout": 0.058804274957391454, "ffn_hidden_size": 2006, "ffn_num_layers": 3, "final_lr": 4.560746945172628e-07, "hidden_size": 1307, "init_lr": 4.210598164255207e-07, "max_lr": 0.00040905144848016713, "warmup_epochs": 2}