{"batch_size": 41, "depth": 3, "dropout": 0.25607150417518737, "ffn_hidden_size": 1340, "ffn_num_layers": 3, "final_lr": 0.0002424585688369385, "hidden_size": 1366, "init_lr": 3.0027420897498362e-05, "max_lr": 0.0004273813425336974, "warmup_epochs": 6}