{"batch_size": 28, "depth": 5, "dropout": 0.11457101623042829, "ffn_hidden_size": 2057, "ffn_num_layers": 2, "final_lr": 0.001, "hidden_size": 2265, "init_lr": 3.6210755572293622e-06, "max_lr": 0.001, "warmup_epochs": 4}