{"batch_size": 36, "depth": 5, "dropout": 0.22649843845180404, "ffn_hidden_size": 300, "ffn_num_layers": 3, "final_lr": 0.0005962202125408274, "hidden_size": 458, "init_lr": 1.2923500771641595e-05, "max_lr": 0.0005962202125408274, "warmup_epochs": 6}