{"batch_size": 43, "depth": 2, "dropout": 0.16675787768188818, "ffn_hidden_size": 1804, "ffn_num_layers": 2, "final_lr": 3.5923668277381873e-06, "hidden_size": 348, "init_lr": 9.544074609696451e-06, "max_lr": 0.0006299553926778908, "warmup_epochs": 3}