{"batch_size": 77, "depth": 2, "dropout": 0.059130549256239284, "ffn_hidden_size": 1376, "ffn_num_layers": 1, "final_lr": 5.1054555716595106e-05, "hidden_size": 857, "init_lr": 2.3826187635674246e-05, "max_lr": 0.0005713436464036346, "warmup_epochs": 6}