{"batch_size": 63, "depth": 4, "dropout": 0.21428274737489533, "ffn_hidden_size": 1391, "ffn_num_layers": 2, "final_lr": 9.608633047267071e-05, "hidden_size": 2053, "init_lr": 7.810482619923931e-05, "max_lr": 0.0004354613703804311, "warmup_epochs": 5}