{"batch_size": 72, "depth": 3, "dropout": 0.20668006524125346, "ffn_hidden_size": 1157, "ffn_num_layers": 3, "final_lr": 0.00011880002111275858, "hidden_size": 1655, "init_lr": 0.00021808209254194037, "max_lr": 0.0008937274586295511, "warmup_epochs": 4}