{"batch_size": 88, "depth": 4, "dropout": 0.06292129173202499, "ffn_hidden_size": 1821, "ffn_num_layers": 1, "final_lr": 0.0005552213362290447, "hidden_size": 2271, "init_lr": 4.295429424110498e-05, "max_lr": 0.0006124632053918228, "warmup_epochs": 5}