{"batch_size": 20, "depth": 4, "dropout": 0.06618127172203557, "ffn_hidden_size": 732, "ffn_num_layers": 3, "final_lr": 0.000177725619199843, "hidden_size": 1446, "init_lr": 0.00015305720836615306, "max_lr": 0.000177725619199843, "warmup_epochs": 3}