{"batch_size": 10, "depth": 5, "dropout": 0.0, "ffn_hidden_size": 2048, "ffn_num_layers": 3, "final_lr": 8.213718523472399e-05, "hidden_size": 2194, "init_lr": 8.535188467092794e-08, "max_lr": 8.213718523472399e-05, "warmup_epochs": 6}