{"batch_size": 52, "depth": 4, "dropout": 0.19542091317577495, "ffn_hidden_size": 925, "ffn_num_layers": 3, "final_lr": 0.00020101860117546457, "hidden_size": 2328, "init_lr": 2.3469842992847115e-06, "max_lr": 0.0004531391052689174, "warmup_epochs": 5}