{"batch_size": 100, "depth": 4, "dropout": 0.23155675695060868, "ffn_hidden_size": 1031, "ffn_num_layers": 3, "final_lr": 3.0740153738525407e-06, "hidden_size": 558, "init_lr": 4.114780231465625e-06, "max_lr": 0.0004917243321477104, "warmup_epochs": 6}