{"batch_size": 28, "depth": 3, "dropout": 0.4, "ffn_hidden_size": 2318, "ffn_num_layers": 2, "final_lr": 3.850514650437843e-05, "hidden_size": 611, "init_lr": 8.443932255947254e-06, "max_lr": 0.00028765636362565, "warmup_epochs": 5}