{"batch_size": 48, "depth": 5, "dropout": 0.291020023295615, "ffn_hidden_size": 334, "ffn_num_layers": 3, "final_lr": 5.517335359682348e-10, "hidden_size": 1511, "init_lr": 3.920619558248607e-11, "max_lr": 3.0418883079972426e-08, "warmup_epochs": 4}