{"batch_size": 47, "depth": 3, "dropout": 0.1733443560117437, "ffn_hidden_size": 1898, "ffn_num_layers": 3, "final_lr": 4.1741343562237455e-06, "hidden_size": 1062, "init_lr": 6.201200027212656e-07, "max_lr": 0.0003061235605640088, "warmup_epochs": 4}