{"batch_size": 30, "depth": 5, "dropout": 0.09907173586364819, "ffn_hidden_size": 1373, "ffn_num_layers": 3, "final_lr": 1.186505163642954e-06, "hidden_size": 1233, "init_lr": 4.263269087483844e-05, "max_lr": 0.00023781440325954634, "warmup_epochs": 6}