{"batch_size": 28, "depth": 6, "dropout": 0.4, "ffn_hidden_size": 780, "ffn_num_layers": 3, "final_lr": 0.00034635094559883886, "hidden_size": 2361, "init_lr": 7.469714746818962e-05, "max_lr": 0.0007724165900678139, "warmup_epochs": 3}