{"batch_size": 10, "depth": 5, "dropout": 0.2407879997723325, "ffn_hidden_size": 1045, "ffn_num_layers": 2, "final_lr": 1.0517559436008068e-06, "hidden_size": 1758, "init_lr": 0.0005399417674442523, "max_lr": 0.0005399417674442523, "warmup_epochs": 3}