{"batch_size": 10, "depth": 4, "dropout": 0.19554043838710533, "ffn_hidden_size": 300, "ffn_num_layers": 3, "final_lr": 0.001, "hidden_size": 300, "init_lr": 1.5009651093449928e-06, "max_lr": 0.001, "warmup_epochs": 4}