{"batch_size": 48, "depth": 4, "dropout": 0.26759235120780267, "ffn_hidden_size": 2345, "ffn_num_layers": 2, "final_lr": 5.0508895866240984e-06, "hidden_size": 2244, "init_lr": 4.9785026600871786e-05, "max_lr": 0.0006042226782788774, "warmup_epochs": 3}