{"batch_size": 59, "depth": 4, "dropout": 0.3260124399878484, "ffn_hidden_size": 312, "ffn_num_layers": 3, "final_lr": 3.279047396849031e-05, "hidden_size": 2395, "init_lr": 8.677741830560112e-06, "max_lr": 0.00038032918214244067, "warmup_epochs": 5}