{"batch_size": 22, "depth": 4, "dropout": 0.15525819126625384, "ffn_hidden_size": 638, "ffn_num_layers": 2, "final_lr": 5.679795264406562e-09, "hidden_size": 760, "init_lr": 1.5394124819839532e-09, "max_lr": 3.256536565591076e-08, "warmup_epochs": 2}