{"batch_size": 97, "depth": 2, "dropout": 0.17167386435145185, "ffn_hidden_size": 1138, "ffn_num_layers": 3, "final_lr": 0.00033012276849265235, "hidden_size": 1990, "init_lr": 0.0008185965338653378, "max_lr": 0.0008532584567006321, "warmup_epochs": 6}