{"batch_size": 10, "depth": 3, "dropout": 0.0, "ffn_hidden_size": 337, "ffn_num_layers": 3, "final_lr": 0.00034732945873026434, "hidden_size": 2393, "init_lr": 0.00034732945873026434, "max_lr": 0.00034732945873026434, "warmup_epochs": 6}