{"batch_size": 35, "depth": 5, "dropout": 0.0729951824157489, "ffn_hidden_size": 757, "ffn_num_layers": 3, "final_lr": 0.00011707647945740734, "hidden_size": 1416, "init_lr": 9.713531669508282e-05, "max_lr": 0.00047895161598343736, "warmup_epochs": 3}