{"batch_size": 16, "depth": 6, "dropout": 0.04475889272807359, "ffn_hidden_size": 312, "ffn_num_layers": 3, "final_lr": 0.000311663898969588, "hidden_size": 300, "init_lr": 0.0005442590012982344, "max_lr": 0.0005458156495556128, "warmup_epochs": 5}