{"batch_size": 81, "depth": 5, "dropout": 0.09118165121302965, "ffn_hidden_size": 1652, "ffn_num_layers": 1, "final_lr": 0.0005902441838346815, "hidden_size": 1977, "init_lr": 5.146045488215197e-05, "max_lr": 0.0006124556390565177, "warmup_epochs": 4}