{"batch_size": 66, "depth": 5, "dropout": 0.04572496481253188, "ffn_hidden_size": 1282, "ffn_num_layers": 3, "final_lr": 4.9274791017527605e-05, "hidden_size": 1776, "init_lr": 3.473355270256538e-05, "max_lr": 0.000867587018405449, "warmup_epochs": 3}