{"batch_size": 29, "depth": 5, "dropout": 0.0, "ffn_hidden_size": 300, "ffn_num_layers": 3, "final_lr": 0.00017219644847721785, "hidden_size": 1307, "init_lr": 1.310742215616322e-05, "max_lr": 0.00017219644847721785, "warmup_epochs": 5}