{"batch_size": 10, "depth": 4, "dropout": 0.2350110516202163, "ffn_hidden_size": 1580, "ffn_num_layers": 3, "final_lr": 0.00013221225171328364, "hidden_size": 2344, "init_lr": 1.7952814262651196e-06, "max_lr": 0.00017788907791258868, "warmup_epochs": 5}