{"batch_size": 23, "depth": 5, "dropout": 0.015990246704893702, "ffn_hidden_size": 706, "ffn_num_layers": 3, "final_lr": 0.0002923659438484455, "hidden_size": 1427, "init_lr": 4.389692503576532e-05, "max_lr": 0.0002998613174071185, "warmup_epochs": 4}