{"batch_size": 90, "depth": 5, "dropout": 0.26240723653804177, "ffn_hidden_size": 1475, "ffn_num_layers": 1, "final_lr": 1.4973418368537182e-07, "hidden_size": 1129, "init_lr": 7.439724658283793e-09, "max_lr": 3.4499313589150105e-06, "warmup_epochs": 6}