{"batch_size": 77, "depth": 4, "dropout": 0.18754701124689827, "ffn_hidden_size": 841, "ffn_num_layers": 3, "final_lr": 7.428464743983657e-07, "hidden_size": 2005, "init_lr": 2.4904948068780125e-06, "max_lr": 0.000413208029382938, "warmup_epochs": 4}