{"batch_size": 95, "depth": 3, "dropout": 0.02563300604135155, "ffn_hidden_size": 1630, "ffn_num_layers": 3, "final_lr": 0.0009045083775373476, "hidden_size": 2400, "init_lr": 0.001, "max_lr": 0.001, "warmup_epochs": 4}