{"batch_size": 56, "depth": 4, "dropout": 0.20011911473845134, "ffn_hidden_size": 1495, "ffn_num_layers": 3, "final_lr": 1.3226014213957296e-06, "hidden_size": 1154, "init_lr": 6.032567084588538e-05, "max_lr": 0.0005957354770596833, "warmup_epochs": 5}