{"batch_size": 10, "depth": 3, "dropout": 0.0, "ffn_hidden_size": 2044, "ffn_num_layers": 3, "final_lr": 0.00013011932936096533, "hidden_size": 485, "init_lr": 0.0005412580047020208, "max_lr": 0.0005668259051790039, "warmup_epochs": 6}