{
    "batch_size": 10,
    "depth": 5,
    "dropout": 0.08343525967026208,
    "ffn_hidden_size": 643,
    "ffn_num_layers": 3,
    "final_lr": 6.198227125287115e-05,
    "hidden_size": 895,
    "init_lr": 7.867837901274853e-07,
    "max_lr": 0.0002496792213822706,
    "warmup_epochs": 6
}