{
    "batch_size": 10,
    "depth": 4,
    "dropout": 0.15355888362302395,
    "ffn_hidden_size": 2253,
    "ffn_num_layers": 3,
    "final_lr": 3.0350065790996375e-05,
    "hidden_size": 2155,
    "init_lr": 3.2195372581158484e-06,
    "max_lr": 0.00011210904949254704,
    "warmup_epochs": 4
}