{"batch_size": 10, "depth": 6, "dropout": 0.0, "ffn_hidden_size": 2400, "ffn_num_layers": 2, "final_lr": 0.0004240614770425289, "hidden_size": 2215, "init_lr": 1.015455301872917e-06, "max_lr": 0.0009865866744644392, "warmup_epochs": 4}