{"batch_size": 47, "depth": 4, "dropout": 0.14810645769723993, "ffn_hidden_size": 1327, "ffn_num_layers": 3, "final_lr": 8.197201339534676e-07, "hidden_size": 1166, "init_lr": 3.291345433003921e-05, "max_lr": 0.00023781440325954634, "warmup_epochs": 6}