{"batch_size": 39, "depth": 6, "dropout": 0.20916173816346006, "ffn_hidden_size": 2207, "ffn_num_layers": 2, "final_lr": 0.0001836980363096875, "hidden_size": 1562, "init_lr": 1.4106503945923508e-05, "max_lr": 0.0001836980363096875, "warmup_epochs": 3}