{"batch_size": 10, "depth": 4, "dropout": 0.2201071705118507, "ffn_hidden_size": 1027, "ffn_num_layers": 3, "final_lr": 0.00012171666213940755, "hidden_size": 1592, "init_lr": 0.0007298279571669432, "max_lr": 0.0007298279571669432, "warmup_epochs": 6}