{"batch_size": 87, "depth": 2, "dropout": 0.16295414180159762, "ffn_hidden_size": 1867, "ffn_num_layers": 2, "final_lr": 8.879072166091498e-06, "hidden_size": 1017, "init_lr": 1.8856889827344512e-05, "max_lr": 0.0008201424938333995, "warmup_epochs": 4}