{"batch_size": 15, "depth": 4, "dropout": 0.14270119646577412, "ffn_hidden_size": 888, "ffn_num_layers": 2, "final_lr": 7.908963959483209e-06, "hidden_size": 2308, "init_lr": 3.645260510344084e-06, "max_lr": 0.00029226700628738774, "warmup_epochs": 2}