{"batch_size": 29, "depth": 4, "dropout": 0.19549831425538647, "ffn_hidden_size": 1913, "ffn_num_layers": 3, "final_lr": 0.0005924497673655041, "hidden_size": 2400, "init_lr": 1e-06, "max_lr": 0.001, "warmup_epochs": 4}