{"batch_size": 25, "depth": 4, "dropout": 0.09249865234365123, "ffn_hidden_size": 2390, "ffn_num_layers": 3, "final_lr": 1.9390638478139078e-05, "hidden_size": 2348, "init_lr": 3.650531798662163e-06, "max_lr": 0.00042494002023712194, "warmup_epochs": 3}