{"batch_size": 39, "depth": 6, "dropout": 0.326159379159398, "ffn_hidden_size": 1634, "ffn_num_layers": 2, "final_lr": 0.00012032547364392306, "hidden_size": 2217, "init_lr": 0.000406586309543865, "max_lr": 0.0005609403842113964, "warmup_epochs": 3}