{"batch_size": 31, "depth": 4, "dropout": 0.06362675981798088, "ffn_hidden_size": 2088, "ffn_num_layers": 3, "final_lr": 7.584855462829043e-05, "hidden_size": 2275, "init_lr": 8.503185782149279e-06, "max_lr": 0.0009893648385347806, "warmup_epochs": 3}