{"batch_size": 15, "depth": 6, "dropout": 0.2757316486259477, "ffn_hidden_size": 626, "ffn_num_layers": 2, "final_lr": 0.00012418081314843538, "hidden_size": 1940, "init_lr": 0.0009081517974411446, "max_lr": 0.0009081517974411446, "warmup_epochs": 6}