{"batch_size": 93, "depth": 5, "dropout": 0.016802142828688974, "ffn_hidden_size": 366, "ffn_num_layers": 3, "final_lr": 0.00039726182865200285, "hidden_size": 2400, "init_lr": 4.218155025931993e-06, "max_lr": 0.00039726182865200285, "warmup_epochs": 5}