{"batch_size": 79, "depth": 4, "dropout": 0.10094367408565058, "ffn_hidden_size": 1429, "ffn_num_layers": 2, "final_lr": 0.0005590217595592198, "hidden_size": 2400, "init_lr": 5.546854162198004e-05, "max_lr": 0.0006124556390565177, "warmup_epochs": 4}