{"batch_size": 11, "depth": 3, "dropout": 0.08695972559620331, "ffn_hidden_size": 1789, "ffn_num_layers": 3, "final_lr": 3.057774480327261e-06, "hidden_size": 2392, "init_lr": 3.721509089851269e-06, "max_lr": 0.0006914381121019148, "warmup_epochs": 3}