{"batch_size": 10, "depth": 4, "dropout": 0.0, "ffn_hidden_size": 943, "ffn_num_layers": 3, "final_lr": 4.9363405022752385e-05, "hidden_size": 2400, "init_lr": 4.9363405022752385e-05, "max_lr": 4.9363405022752385e-05, "warmup_epochs": 4}