{"batch_size": 73, "depth": 5, "dropout": 0.02941248213505665, "ffn_hidden_size": 1119, "ffn_num_layers": 1, "final_lr": 2.383005136496324e-06, "hidden_size": 415, "init_lr": 7.4096329146550766e-06, "max_lr": 0.00016207427410582114, "warmup_epochs": 2}