{"batch_size": 22, "depth": 6, "dropout": 0.31043518603230985, "ffn_hidden_size": 683, "ffn_num_layers": 2, "final_lr": 8.136625626216251e-05, "hidden_size": 2297, "init_lr": 0.0008078109534617741, "max_lr": 0.0009085056647952958, "warmup_epochs": 6}