{"batch_size": 59, "depth": 6, "dropout": 0.0, "ffn_hidden_size": 1210, "ffn_num_layers": 3, "final_lr": 4.35584249209743e-05, "hidden_size": 1318, "init_lr": 1.5020215339726736e-05, "max_lr": 0.0003727148042222778, "warmup_epochs": 4}