{"batch_size": 11, "depth": 4, "dropout": 0.2134797248263228, "ffn_hidden_size": 1348, "ffn_num_layers": 2, "final_lr": 0.0001813053353715405, "hidden_size": 2390, "init_lr": 0.0001741632075798416, "max_lr": 0.0001813053353715405, "warmup_epochs": 4}