{"batch_size": 45, "depth": 5, "dropout": 0.23793202493286772, "ffn_hidden_size": 1581, "ffn_num_layers": 3, "final_lr": 2.2990772317537664e-06, "hidden_size": 1262, "init_lr": 5.7393748573001015e-05, "max_lr": 0.0005957354770596833, "warmup_epochs": 5}