{
    "batch_size": 27,
    "depth": 5,
    "dropout": 0.0003787331753833114,
    "ffn_hidden_size": 560,
    "ffn_num_layers": 3,
    "final_lr": 0.00022156300954763716,
    "hidden_size": 1195,
    "init_lr": 8.713935661741586e-05,
    "max_lr": 0.00022156300954763716,
    "warmup_epochs": 3
}