{"batch_size": 84, "depth": 6, "dropout": 0.0, "ffn_hidden_size": 1330, "ffn_num_layers": 3, "final_lr": 0.0009253344143475046, "hidden_size": 1286, "init_lr": 0.00027582718291228067, "max_lr": 0.0009253344143475046, "warmup_epochs": 6}