{"batch_size": 10, "depth": 5, "dropout": 0.3423342925707234, "ffn_hidden_size": 1811, "ffn_num_layers": 2, "final_lr": 0.0003524828461830733, "hidden_size": 1556, "init_lr": 1.7712046030659794e-06, "max_lr": 0.00036393936560510644, "warmup_epochs": 5}