{"batch_size": 60, "depth": 5, "dropout": 0.0, "ffn_hidden_size": 593, "ffn_num_layers": 3, "final_lr": 3.7917077349802504e-06, "hidden_size": 825, "init_lr": 6.641726206861079e-07, "max_lr": 0.00021985761280939105, "warmup_epochs": 3}