{"batch_size": 22, "depth": 3, "dropout": 0.003945535081704677, "ffn_hidden_size": 1447, "ffn_num_layers": 2, "final_lr": 7.016161795747026e-05, "hidden_size": 1530, "init_lr": 1.709630284060213e-05, "max_lr": 0.0004132314013409203, "warmup_epochs": 5}