{"batch_size": 60, "depth": 4, "dropout": 0.0020283374756238193, "ffn_hidden_size": 984, "ffn_num_layers": 2, "final_lr": 0.00012678146746278784, "hidden_size": 1978, "init_lr": 6.986171382802113e-05, "max_lr": 0.0008784019113161586, "warmup_epochs": 6}