{"batch_size": 25, "depth": 6, "dropout": 0.0, "ffn_hidden_size": 2400, "ffn_num_layers": 3, "final_lr": 9.598700105221427e-05, "hidden_size": 2400, "init_lr": 4.794434986178574e-07, "max_lr": 9.598700105221427e-05, "warmup_epochs": 3}