{"batch_size": 25, "depth": 6, "dropout": 0.0, "ffn_hidden_size": 812, "ffn_num_layers": 3, "final_lr": 5.0671745334711027e-05, "hidden_size": 1639, "init_lr": 1.948837221364462e-06, "max_lr": 0.00019767330264560795, "warmup_epochs": 3}