{"batch_size": 10, "depth": 4, "dropout": 0.000776726307316746, "ffn_hidden_size": 554, "ffn_num_layers": 2, "final_lr": 0.00015337583986295712, "hidden_size": 2397, "init_lr": 1.3411969095375542e-05, "max_lr": 0.00016030538780910795, "warmup_epochs": 2}