{
    "batch_size": 10,
    "depth": 5,
    "dropout": 0.11651761411369224,
    "ffn_hidden_size": 551,
    "ffn_num_layers": 3,
    "final_lr": 6.828838591017225e-05,
    "hidden_size": 929,
    "init_lr": 1.3458371478545504e-06,
    "max_lr": 0.0004266479601438912,
    "warmup_epochs": 4
}