{"batch_size": 10, "depth": 6, "dropout": 0.2819346599788627, "ffn_hidden_size": 1044, "ffn_num_layers": 2, "final_lr": 8.687713431161199e-05, "hidden_size": 2133, "init_lr": 0.0009085056647952955, "max_lr": 0.0009085056647952955, "warmup_epochs": 5}