{"batch_size": 29, "depth": 4, "dropout": 0.3858469999405811, "ffn_hidden_size": 2399, "ffn_num_layers": 3, "final_lr": 0.0002782124524463925, "hidden_size": 2400, "init_lr": 1.325099992290101e-06, "max_lr": 0.0003185169132076499, "warmup_epochs": 4}