{"batch_size": 62, "depth": 6, "dropout": 0.23052683755679973, "ffn_hidden_size": 1253, "ffn_num_layers": 3, "final_lr": 6.172087559276965e-05, "hidden_size": 1482, "init_lr": 0.0002466625648406738, "max_lr": 0.000991029574415288, "warmup_epochs": 2}