{"batch_size": 46, "depth": 5, "dropout": 0.22261306843779072, "ffn_hidden_size": 1690, "ffn_num_layers": 2, "final_lr": 0.0002850927524273818, "hidden_size": 1376, "init_lr": 8.453079168220079e-06, "max_lr": 0.0003032444724965115, "warmup_epochs": 3}