{"batch_size": 41, "depth": 6, "dropout": 0.0358147670174512, "ffn_hidden_size": 2400, "ffn_num_layers": 2, "final_lr": 0.000992879120651783, "hidden_size": 2400, "init_lr": 7.440443763182545e-05, "max_lr": 0.001, "warmup_epochs": 2}