{"batch_size": 27, "depth": 4, "dropout": 0.10637147369132503, "ffn_hidden_size": 2048, "ffn_num_layers": 3, "final_lr": 3.274339859486648e-05, "hidden_size": 2351, "init_lr": 8.487753773650526e-07, "max_lr": 0.0001845876685730856, "warmup_epochs": 5}