{"batch_size": 54, "depth": 2, "dropout": 0.20001587542377158, "ffn_hidden_size": 2084, "ffn_num_layers": 3, "final_lr": 2.693341328248418e-06, "hidden_size": 402, "init_lr": 1.2617070670391297e-05, "max_lr": 0.0006298106619276613, "warmup_epochs": 3}