{"batch_size": 85, "depth": 3, "dropout": 0.18666760063110144, "ffn_hidden_size": 1708, "ffn_num_layers": 3, "final_lr": 3.556120608296877e-05, "hidden_size": 1827, "init_lr": 0.0006796948238974296, "max_lr": 0.0006796948238974296, "warmup_epochs": 4}