{"batch_size": 76, "depth": 5, "dropout": 0.27295616205208345, "ffn_hidden_size": 1296, "ffn_num_layers": 3, "final_lr": 5.89418000027539e-05, "hidden_size": 1323, "init_lr": 0.00015869360342156687, "max_lr": 0.000991029574415288, "warmup_epochs": 2}