{"batch_size": 51, "depth": 4, "dropout": 0.27433843742221126, "ffn_hidden_size": 300, "ffn_num_layers": 2, "final_lr": 2.8083775093381434e-05, "hidden_size": 2281, "init_lr": 5.53759770623933e-06, "max_lr": 0.00038013940092598646, "warmup_epochs": 5}