{"batch_size": 39, "depth": 3, "dropout": 0.2659965019731598, "ffn_hidden_size": 2400, "ffn_num_layers": 2, "final_lr": 0.0009077155616375108, "hidden_size": 1781, "init_lr": 0.0007606587832635974, "max_lr": 0.0009077155616375108, "warmup_epochs": 6}