{"batch_size": 32, "depth": 3, "dropout": 0.4, "ffn_hidden_size": 1724, "ffn_num_layers": 2, "final_lr": 0.0007602121942356156, "hidden_size": 535, "init_lr": 1.1517274168938978e-05, "max_lr": 0.0007602121942356156, "warmup_epochs": 6}