{"batch_size": 56, "depth": 4, "dropout": 0.33696761346787296, "ffn_hidden_size": 1653, "ffn_num_layers": 1, "final_lr": 7.589008863244427e-09, "hidden_size": 2066, "init_lr": 1.5011105530693248e-08, "max_lr": 1.9869422384532115e-07, "warmup_epochs": 5}