{"batch_size": 67, "depth": 6, "dropout": 0.022303661926739115, "ffn_hidden_size": 305, "ffn_num_layers": 2, "final_lr": 1.4117785807396689e-05, "hidden_size": 458, "init_lr": 4.940089794956545e-07, "max_lr": 0.0001813425355612387, "warmup_epochs": 4}