{"batch_size": 35, "depth": 3, "dropout": 0.10904187839377838, "ffn_hidden_size": 300, "ffn_num_layers": 3, "final_lr": 0.000259860217688309, "hidden_size": 300, "init_lr": 0.0005315277739262452, "max_lr": 0.001, "warmup_epochs": 3}