{"batch_size": 45, "depth": 4, "dropout": 0.13433063763663686, "ffn_hidden_size": 1349, "ffn_num_layers": 2, "final_lr": 1.3112015113797472e-06, "hidden_size": 905, "init_lr": 4.093858167159768e-05, "max_lr": 0.00023781707011341974, "warmup_epochs": 6}