{"batch_size": 63, "depth": 5, "dropout": 0.11121081439462632, "ffn_hidden_size": 1915, "ffn_num_layers": 3, "final_lr": 4.376817211600686e-06, "hidden_size": 1488, "init_lr": 1.937429576370222e-05, "max_lr": 0.0002854615363535451, "warmup_epochs": 5}