{"batch_size": 63, "depth": 4, "dropout": 0.3557801102515859, "ffn_hidden_size": 331, "ffn_num_layers": 2, "final_lr": 3.9320246461823135e-05, "hidden_size": 2375, "init_lr": 6.38498165444871e-06, "max_lr": 0.00038013940092598646, "warmup_epochs": 5}