{"batch_size": 76, "depth": 3, "dropout": 0.08006698540737972, "ffn_hidden_size": 1496, "ffn_num_layers": 3, "final_lr": 4.493841820356081e-09, "hidden_size": 769, "init_lr": 6.591431240548899e-09, "max_lr": 9.132544294774822e-08, "warmup_epochs": 5}