{"batch_size": 18, "depth": 4, "dropout": 0.27919475682125827, "ffn_hidden_size": 1765, "ffn_num_layers": 3, "final_lr": 1.631944353045302e-06, "hidden_size": 1576, "init_lr": 4.167780506870305e-06, "max_lr": 0.00020272618515558617, "warmup_epochs": 6}