{"batch_size": 10, "depth": 4, "dropout": 0.0053613803009855306, "ffn_hidden_size": 1799, "ffn_num_layers": 3, "final_lr": 0.0003151471902560979, "hidden_size": 2387, "init_lr": 2.6173027923732373e-06, "max_lr": 0.001, "warmup_epochs": 2}