{"batch_size": 18, "depth": 4, "dropout": 0.09898792710463317, "ffn_hidden_size": 810, "ffn_num_layers": 3, "final_lr": 0.00012168674200230288, "hidden_size": 1214, "init_lr": 0.00011967572313339237, "max_lr": 0.00012168674200230288, "warmup_epochs": 2}