{"batch_size": 50, "depth": 5, "dropout": 0.30753367953294214, "ffn_hidden_size": 2227, "ffn_num_layers": 2, "final_lr": 0.00014497368537106305, "hidden_size": 1810, "init_lr": 1.4113588014531432e-05, "max_lr": 0.00018379028662892657, "warmup_epochs": 3}