{"batch_size": 62, "depth": 5, "dropout": 0.30459109003495255, "ffn_hidden_size": 1207, "ffn_num_layers": 2, "final_lr": 6.172087559276965e-05, "hidden_size": 1514, "init_lr": 0.0002466625648406738, "max_lr": 0.000991029574415288, "warmup_epochs": 2}