{"batch_size": 39, "depth": 4, "dropout": 0.10092831953084651, "ffn_hidden_size": 541, "ffn_num_layers": 1, "final_lr": 4.604723536338638e-08, "hidden_size": 2239, "init_lr": 4.975924343019263e-08, "max_lr": 2.9026233056979493e-05, "warmup_epochs": 3}