{"batch_size": 11, "depth": 4, "dropout": 0.16347308085152032, "ffn_hidden_size": 2400, "ffn_num_layers": 3, "final_lr": 5.490160877281813e-05, "hidden_size": 2400, "init_lr": 0.0005921988786298994, "max_lr": 0.0005983886716461974, "warmup_epochs": 4}