{"batch_size": 10, "depth": 3, "dropout": 0.02907268555885932, "ffn_hidden_size": 647, "ffn_num_layers": 2, "final_lr": 1.7321470137823188e-07, "hidden_size": 1828, "init_lr": 5.383513305881041e-07, "max_lr": 0.00017321470137823187, "warmup_epochs": 4}