{"batch_size": 39, "depth": 5, "dropout": 0.0015960524532286123, "ffn_hidden_size": 421, "ffn_num_layers": 3, "final_lr": 1.3936188722477755e-06, "hidden_size": 1418, "init_lr": 6.405878029145287e-05, "max_lr": 0.001, "warmup_epochs": 4}