{"batch_size": 10, "depth": 4, "dropout": 0.0021843878786856927, "ffn_hidden_size": 1284, "ffn_num_layers": 2, "final_lr": 7.045657796858573e-05, "hidden_size": 1803, "init_lr": 1.5894954958320263e-06, "max_lr": 0.0006092979571921776, "warmup_epochs": 4}