{"batch_size": 60, "depth": 6, "dropout": 0.0, "ffn_hidden_size": 1098, "ffn_num_layers": 3, "final_lr": 3.055016360314487e-05, "hidden_size": 1787, "init_lr": 9.35426269198503e-06, "max_lr": 0.0005099394640314558, "warmup_epochs": 5}