{"batch_size": 68, "depth": 4, "dropout": 0.25714807672463896, "ffn_hidden_size": 1755, "ffn_num_layers": 3, "final_lr": 3.653493402949313e-05, "hidden_size": 1572, "init_lr": 7.022464620232841e-07, "max_lr": 0.0003539300989292741, "warmup_epochs": 4}