{"batch_size": 10, "depth": 4, "dropout": 0.0, "ffn_hidden_size": 300, "ffn_num_layers": 3, "final_lr": 0.0005137625528956057, "hidden_size": 2400, "init_lr": 5.145111521981752e-07, "max_lr": 0.0005137625528956057, "warmup_epochs": 4}