{"batch_size": 55, "depth": 3, "dropout": 0.10019152909797294, "ffn_hidden_size": 2400, "ffn_num_layers": 3, "final_lr": 0.000729039358363224, "hidden_size": 2400, "init_lr": 0.000729039358363224, "max_lr": 0.000729039358363224, "warmup_epochs": 5}