{"batch_size": 70, "depth": 4, "dropout": 0.19515065661297165, "ffn_hidden_size": 1543, "ffn_num_layers": 3, "final_lr": 1.149033988302635e-05, "hidden_size": 1186, "init_lr": 5.522743897075345e-05, "max_lr": 0.0005369799635316643, "warmup_epochs": 6}