{"batch_size": 68, "depth": 6, "dropout": 0.2606020642639698, "ffn_hidden_size": 2194, "ffn_num_layers": 3, "final_lr": 9.926247417890056e-10, "hidden_size": 1968, "init_lr": 1.3715586277765609e-08, "max_lr": 8.784697302771174e-08, "warmup_epochs": 2}