{
    "batch_size": 52,
    "depth": 4,
    "dropout": 0.2019040321424448,
    "ffn_hidden_size": 1503,
    "ffn_num_layers": 2,
    "final_lr": 9.471421043909015e-05,
    "hidden_size": 1977,
    "init_lr": 1.3453589206122734e-05,
    "max_lr": 0.001,
    "warmup_epochs": 3
}