{
  "batch_size": 54,
  "depth": 3,
  "dropout": 0.2137085884151871,
  "ffn_hidden_size": 739,
  "ffn_num_layers": 2,
  "final_lr": 0.00030679714941872915,
  "hidden_size": 695,
  "init_lr": 0.0000010757231639301206,
  "max_lr": 0.001,
  "warmup_epochs": 2
}
