{"batch_size": 13, "depth": 6, "dropout": 0.10463196981405631, "ffn_hidden_size": 2068, "ffn_num_layers": 3, "final_lr": 5.303821633636421e-07, "hidden_size": 1171, "init_lr": 3.4351519612815473e-06, "max_lr": 0.00011676926174754907, "warmup_epochs": 3}