{"batch_size": 10, "depth": 6, "dropout": 0.0, "ffn_hidden_size": 834, "ffn_num_layers": 3, "final_lr": 4.599040409211922e-05, "hidden_size": 1152, "init_lr": 3.8451027714573605e-05, "max_lr": 0.0006314471887653752, "warmup_epochs": 6}