{"batch_size": 10, "depth": 3, "dropout": 0.0, "ffn_hidden_size": 1407, "ffn_num_layers": 3, "final_lr": 0.00046374957178759276, "hidden_size": 300, "init_lr": 4.33982895939791e-06, "max_lr": 0.0009239025757455861, "warmup_epochs": 2}