{"batch_size": 80, "depth": 6, "dropout": 0.01821232061479974, "ffn_hidden_size": 646, "ffn_num_layers": 2, "final_lr": 9.251624770767776e-06, "hidden_size": 300, "init_lr": 3.764129951410892e-07, "max_lr": 0.0001813425355612387, "warmup_epochs": 4}