{"batch_size": 25, "depth": 6, "dropout": 0.1670081031005801, "ffn_hidden_size": 813, "ffn_num_layers": 2, "final_lr": 1.7698130778445557e-06, "hidden_size": 1417, "init_lr": 3.0833677263401854e-06, "max_lr": 7.548610266148613e-05, "warmup_epochs": 2}