{"batch_size": 10, "depth": 3, "dropout": 0.4, "ffn_hidden_size": 1966, "ffn_num_layers": 2, "final_lr": 3.49816370240513e-05, "hidden_size": 835, "init_lr": 9.177347388777716e-06, "max_lr": 0.00028756381828945037, "warmup_epochs": 5}