{"batch_size": 72, "depth": 6, "dropout": 0.07488875320250477, "ffn_hidden_size": 735, "ffn_num_layers": 2, "final_lr": 1.1149269840885022e-05, "hidden_size": 660, "init_lr": 3.804116502589152e-07, "max_lr": 0.00018131303087169423, "warmup_epochs": 4}