{"batch_size": 48, "depth": 3, "dropout": 0.11893848883365424, "ffn_hidden_size": 704, "ffn_num_layers": 2, "final_lr": 1.0351020544927162e-06, "hidden_size": 608, "init_lr": 1.721497306882409e-08, "max_lr": 3.898897237460867e-06, "warmup_epochs": 2}