{"batch_size": 10, "depth": 4, "dropout": 0.0340685948300444, "ffn_hidden_size": 1998, "ffn_num_layers": 3, "final_lr": 2.188703605363e-06, "hidden_size": 1649, "init_lr": 0.0007547258868934743, "max_lr": 0.0008014638568091893, "warmup_epochs": 4}