{"batch_size": 25, "depth": 5, "dropout": 0.12703154073076575, "ffn_hidden_size": 300, "ffn_num_layers": 3, "final_lr": 4.381459028099944e-05, "hidden_size": 663, "init_lr": 6.565968977104561e-07, "max_lr": 0.00011255073897665478, "warmup_epochs": 6}