{"batch_size": 11, "depth": 5, "dropout": 0.25537620348844675, "ffn_hidden_size": 2400, "ffn_num_layers": 2, "final_lr": 0.00013751531379485252, "hidden_size": 1703, "init_lr": 7.994836447934903e-05, "max_lr": 0.00013840180830421625, "warmup_epochs": 2}