{"batch_size": 41, "depth": 2, "dropout": 0.26580644478943827, "ffn_hidden_size": 517, "ffn_num_layers": 2, "final_lr": 6.071320248122333e-05, "hidden_size": 1856, "init_lr": 0.0005144464786289519, "max_lr": 0.0006286866863079274, "warmup_epochs": 4}