{"batch_size": 10, "depth": 6, "dropout": 0.14443199429978132, "ffn_hidden_size": 2399, "ffn_num_layers": 3, "final_lr": 4.6574718015703127e-07, "hidden_size": 1921, "init_lr": 9.474338185493821e-05, "max_lr": 0.00046574718015703125, "warmup_epochs": 4}