{"batch_size": 22, "depth": 4, "dropout": 0.007272910489386481, "ffn_hidden_size": 1740, "ffn_num_layers": 3, "final_lr": 4.4053646200521827e-10, "hidden_size": 2165, "init_lr": 9.85028541837204e-10, "max_lr": 3.6281100149009213e-08, "warmup_epochs": 5}