{"batch_size": 10, "depth": 4, "dropout": 0.09095333674348968, "ffn_hidden_size": 1635, "ffn_num_layers": 2, "final_lr": 0.00023468797562342436, "hidden_size": 1981, "init_lr": 2.888971361973459e-06, "max_lr": 0.00023468797562342436, "warmup_epochs": 4}