{"batch_size": 13, "depth": 2, "dropout": 0.10881665027340798, "ffn_hidden_size": 786, "ffn_num_layers": 2, "final_lr": 2.241218943653844e-07, "hidden_size": 1522, "init_lr": 6.118066211797441e-07, "max_lr": 0.00017321470137823185, "warmup_epochs": 4}