{"batch_size": 49, "depth": 4, "dropout": 0.18030466924136548, "ffn_hidden_size": 2378, "ffn_num_layers": 3, "final_lr": 6.30056789534098e-06, "hidden_size": 1669, "init_lr": 3.8740834149653144e-05, "max_lr": 0.0006040119022532013, "warmup_epochs": 3}