{"batch_size": 68, "depth": 5, "dropout": 0.07353467552277226, "ffn_hidden_size": 749, "ffn_num_layers": 2, "final_lr": 1.3856616168113415e-05, "hidden_size": 2351, "init_lr": 3.3686697812417936e-06, "max_lr": 0.000876722356658105, "warmup_epochs": 5}