{"batch_size": 52, "depth": 2, "dropout": 0.03978612425222682, "ffn_hidden_size": 403, "ffn_num_layers": 2, "final_lr": 2.618000950706117e-07, "hidden_size": 302, "init_lr": 7.09949263067275e-07, "max_lr": 8.224099862220645e-07, "warmup_epochs": 6}