{"batch_size": 85, "depth": 3, "dropout": 0.1212047569794325, "ffn_hidden_size": 2004, "ffn_num_layers": 2, "final_lr": 1.0619486564693131e-05, "hidden_size": 1523, "init_lr": 1.4596725700367692e-05, "max_lr": 0.0008201424938333998, "warmup_epochs": 4}