{"batch_size": 15, "depth": 3, "dropout": 0.22928346299206726, "ffn_hidden_size": 879, "ffn_num_layers": 1, "final_lr": 3.6015198352741242e-06, "hidden_size": 1903, "init_lr": 3.387114656776531e-08, "max_lr": 4.378705245774816e-06, "warmup_epochs": 3}