{"batch_size": 59, "depth": 4, "dropout": 0.15103812226457716, "ffn_hidden_size": 509, "ffn_num_layers": 2, "final_lr": 3.8532917736172463e-07, "hidden_size": 468, "init_lr": 6.970507457312868e-07, "max_lr": 0.00012320043772233823, "warmup_epochs": 5}