{"batch_size": 10, "depth": 5, "dropout": 0.04508318970873374, "ffn_hidden_size": 1566, "ffn_num_layers": 2, "final_lr": 5.593368871712049e-05, "hidden_size": 2400, "init_lr": 4.805136074026583e-06, "max_lr": 0.00014860989472544593, "warmup_epochs": 5}