{"batch_size": 83, "depth": 3, "dropout": 0.19561136561296633, "ffn_hidden_size": 2019, "ffn_num_layers": 2, "final_lr": 0.00026253617314159775, "hidden_size": 1772, "init_lr": 0.001, "max_lr": 0.001, "warmup_epochs": 6}