{"batch_size": 78, "depth": 2, "dropout": 0.09844676371137576, "ffn_hidden_size": 1443, "ffn_num_layers": 2, "final_lr": 6.477161076742358e-08, "hidden_size": 589, "init_lr": 1.266866786969828e-07, "max_lr": 2.800904937597517e-07, "warmup_epochs": 2}