{
    "batch_size": 26,
    "depth": 6,
    "dropout": 0.0,
    "ffn_hidden_size": 1200,
    "ffn_num_layers": 3,
    "final_lr": 0.0006780351829042088,
    "hidden_size": 1200,
    "init_lr": 1.4026672510168789e-05,
    "max_lr": 0.0006970053981033248,
    "warmup_epochs": 2
}