{
    "batch_size": 10,
    "depth": 6,
    "dropout": 0.0,
    "ffn_hidden_size": 435,
    "ffn_num_layers": 3,
    "final_lr": 0.00014877862766977373,
    "hidden_size": 1781,
    "init_lr": 1.501238488374578e-06,
    "max_lr": 0.00014877862766977373,
    "warmup_epochs": 6
}