{"batch_size": 81, "depth": 6, "dropout": 0.1935235114996598, "ffn_hidden_size": 344, "ffn_num_layers": 3, "final_lr": 2.0746127243931813e-06, "hidden_size": 2058, "init_lr": 5.3667865268876825e-06, "max_lr": 2.380908144393213e-05, "warmup_epochs": 2}