{"batch_size": 45, "depth": 5, "dropout": 0.0009853873623548982, "ffn_hidden_size": 300, "ffn_num_layers": 3, "final_lr": 5.656472154146417e-05, "hidden_size": 2132, "init_lr": 5.565555001755984e-06, "max_lr": 0.0009938508245185447, "warmup_epochs": 6}