{"batch_size": 39, "depth": 3, "dropout": 0.19802810742522312, "ffn_hidden_size": 1397, "ffn_num_layers": 2, "final_lr": 0.00010605428553282438, "hidden_size": 955, "init_lr": 2.9778045385459695e-05, "max_lr": 0.00025096070128556043, "warmup_epochs": 6}