{"batch_size": 63, "depth": 2, "dropout": 0.19992786957921685, "ffn_hidden_size": 517, "ffn_num_layers": 2, "final_lr": 6.071320248122333e-05, "hidden_size": 1807, "init_lr": 0.0005998339869597469, "max_lr": 0.0006286866863079274, "warmup_epochs": 4}