{"batch_size": 65, "depth": 2, "dropout": 0.30997986719784953, "ffn_hidden_size": 2339, "ffn_num_layers": 2, "final_lr": 1.3886481251959096e-05, "hidden_size": 2345, "init_lr": 8.145653527720503e-07, "max_lr": 0.00043967184028631545, "warmup_epochs": 2}