{"batch_size": 99, "depth": 2, "dropout": 0.28257309868455166, "ffn_hidden_size": 1211, "ffn_num_layers": 1, "final_lr": 2.627018529057899e-07, "hidden_size": 538, "init_lr": 7.234175296567521e-07, "max_lr": 2.1503889832885085e-06, "warmup_epochs": 3}