{"batch_size": 100, "depth": 5, "dropout": 0.0, "ffn_hidden_size": 1055, "ffn_num_layers": 1, "final_lr": 2.8694742200664716e-06, "hidden_size": 300, "init_lr": 7.4096329146550766e-06, "max_lr": 0.00016207427410582114, "warmup_epochs": 3}