{"batch_size": 80, "depth": 4, "dropout": 0.0, "ffn_hidden_size": 2400, "ffn_num_layers": 3, "final_lr": 0.0002641142918923348, "hidden_size": 2221, "init_lr": 9.273620560665616e-07, "max_lr": 0.00039379731405161353, "warmup_epochs": 3}