{"batch_size": 73, "depth": 4, "dropout": 0.10441743368111142, "ffn_hidden_size": 520, "ffn_num_layers": 2, "final_lr": 4.3036656511857655e-08, "hidden_size": 1483, "init_lr": 5.344537079106995e-08, "max_lr": 8.927072524132871e-07, "warmup_epochs": 6}