{"batch_size": 37, "depth": 6, "dropout": 0.12551748949422298, "ffn_hidden_size": 987, "ffn_num_layers": 3, "final_lr": 2.966528411041477e-07, "hidden_size": 1598, "init_lr": 0.0002966528411041477, "max_lr": 0.0002966528411041477, "warmup_epochs": 5}