{"batch_size": 11, "depth": 5, "dropout": 0.25356878408499534, "ffn_hidden_size": 1795, "ffn_num_layers": 1, "final_lr": 8.714554133539574e-11, "hidden_size": 995, "init_lr": 5.112200239275675e-09, "max_lr": 4.895682503670103e-08, "warmup_epochs": 5}