{"batch_size": 14, "depth": 4, "dropout": 0.1380076220394761, "ffn_hidden_size": 919, "ffn_num_layers": 3, "final_lr": 1.27259281959265e-06, "hidden_size": 1309, "init_lr": 0.0008099561222841227, "max_lr": 0.0008274418646105988, "warmup_epochs": 4}