{
    "batch_size": 63,
    "depth": 3,
    "dropout": 0.17735183062040855,
    "ffn_hidden_size": 498,
    "ffn_num_layers": 3,
    "final_lr": 0.00014193572605597951,
    "hidden_size": 1008,
    "init_lr": 1.9775956953367103e-05,
    "max_lr": 0.001,
    "warmup_epochs": 6
}