{"batch_size": 32, "depth": 3, "dropout": 0.20859978621437872, "ffn_hidden_size": 1111, "ffn_num_layers": 3, "final_lr": 5.251614170124772e-07, "hidden_size": 1438, "init_lr": 0.0005096344484478914, "max_lr": 0.0005251614170124772, "warmup_epochs": 4}