{"batch_size": 12, "depth": 6, "dropout": 0.03713464194928687, "ffn_hidden_size": 2076, "ffn_num_layers": 2, "final_lr": 1.0284912388087375e-06, "hidden_size": 1244, "init_lr": 5.158386695473107e-06, "max_lr": 0.00011676926174754907, "warmup_epochs": 3}