{"batch_size": 42, "depth": 3, "dropout": 0.4, "ffn_hidden_size": 1520, "ffn_num_layers": 2, "final_lr": 0.0004964917709825915, "hidden_size": 912, "init_lr": 9.814895198997836e-06, "max_lr": 0.0007602121942356156, "warmup_epochs": 6}