{"batch_size": 93, "depth": 3, "dropout": 0.19391819498941984, "ffn_hidden_size": 1931, "ffn_num_layers": 1, "final_lr": 0.0006698983866301905, "hidden_size": 532, "init_lr": 7.956090008534419e-05, "max_lr": 0.000711881924782095, "warmup_epochs": 4}