{"batch_size": 10, "depth": 6, "dropout": 0.0, "ffn_hidden_size": 320, "ffn_num_layers": 2, "final_lr": 1.8827033301969006e-05, "hidden_size": 2156, "init_lr": 3.3152371150443574e-05, "max_lr": 0.00023684043770646375, "warmup_epochs": 6}