{"batch_size": 10, "depth": 6, "dropout": 0.0, "ffn_hidden_size": 961, "ffn_num_layers": 2, "final_lr": 5.247003171810938e-06, "hidden_size": 1561, "init_lr": 1.3667838427620152e-06, "max_lr": 0.0002683359108926288, "warmup_epochs": 5}