{"batch_size": 10, "depth": 4, "dropout": 0.05797637315053607, "ffn_hidden_size": 464, "ffn_num_layers": 3, "final_lr": 0.00045343563359956016, "hidden_size": 2029, "init_lr": 1.7921882839785267e-06, "max_lr": 0.00045343563359956016, "warmup_epochs": 6}