{"batch_size": 36, "depth": 5, "dropout": 0.24142029021942066, "ffn_hidden_size": 988, "ffn_num_layers": 3, "final_lr": 7.10943995965515e-11, "hidden_size": 1408, "init_lr": 1.098970778734449e-09, "max_lr": 2.2521241421891846e-08, "warmup_epochs": 2}