{"batch_size": 48, "depth": 3, "dropout": 0.17313510572539675, "ffn_hidden_size": 2268, "ffn_num_layers": 3, "final_lr": 5.081474543769515e-06, "hidden_size": 2047, "init_lr": 5.4451194917648934e-05, "max_lr": 0.0006042226782788774, "warmup_epochs": 3}