{"batch_size": 91, "depth": 3, "dropout": 0.16268733874820568, "ffn_hidden_size": 2139, "ffn_num_layers": 2, "final_lr": 1.061948656469313e-05, "hidden_size": 1119, "init_lr": 1.4596725700367687e-05, "max_lr": 0.0008201424938333995, "warmup_epochs": 3}