{
    "batch_size": 10,
    "depth": 5,
    "dropout": 0.06945536244725979,
    "ffn_hidden_size": 860,
    "ffn_num_layers": 3,
    "final_lr": 0.00046172397490542715,
    "hidden_size": 808,
    "init_lr": 1.0275448320137953e-06,
    "max_lr": 0.00046172397490542715,
    "warmup_epochs": 6
}