{"batch_size": 100, "depth": 4, "dropout": 0.05792568313946585, "ffn_hidden_size": 933, "ffn_num_layers": 2, "final_lr": 0.0009947499551870812, "hidden_size": 2107, "init_lr": 1.4885176208638065e-06, "max_lr": 0.0009947499551870812, "warmup_epochs": 4}