{"batch_size": 10, "depth": 3, "dropout": 0.4, "ffn_hidden_size": 2238, "ffn_num_layers": 1, "final_lr": 2.6783499450667728e-05, "hidden_size": 504, "init_lr": 6.838418848138179e-06, "max_lr": 0.00028765636362565, "warmup_epochs": 4}