{"batch_size": 41, "depth": 6, "dropout": 0.2568095998993859, "ffn_hidden_size": 2348, "ffn_num_layers": 1, "final_lr": 0.00018376557303727056, "hidden_size": 1744, "init_lr": 1.5437728209235596e-05, "max_lr": 0.00018376557303727056, "warmup_epochs": 3}