{"batch_size": 14, "depth": 5, "dropout": 0.0018511560083238265, "ffn_hidden_size": 2400, "ffn_num_layers": 3, "final_lr": 0.001, "hidden_size": 2211, "init_lr": 0.00011705988296843455, "max_lr": 0.001, "warmup_epochs": 3}