{"batch_size": 10, "depth": 6, "dropout": 0.0035377556776260127, "ffn_hidden_size": 306, "ffn_num_layers": 3, "final_lr": 0.00017826953991447258, "hidden_size": 2400, "init_lr": 3.158379936017915e-05, "max_lr": 0.00046736233087337094, "warmup_epochs": 5}