{"batch_size": 15, "depth": 6, "dropout": 0.04316498537215727, "ffn_hidden_size": 315, "ffn_num_layers": 3, "final_lr": 8.745124715924754e-06, "hidden_size": 1425, "init_lr": 4.4220252859604844e-07, "max_lr": 0.0003238224185460484, "warmup_epochs": 3}