{"batch_size": 72, "depth": 4, "dropout": 0.2634381977697202, "ffn_hidden_size": 445, "ffn_num_layers": 2, "final_lr": 5.152611644286724e-09, "hidden_size": 771, "init_lr": 1.8668689643198614e-08, "max_lr": 2.8844640058410054e-08, "warmup_epochs": 4}