{"batch_size": 10, "depth": 5, "dropout": 0.0, "ffn_hidden_size": 1216, "ffn_num_layers": 2, "final_lr": 0.00010607750562974976, "hidden_size": 752, "init_lr": 5.638139617476762e-05, "max_lr": 0.00020373438626442212, "warmup_epochs": 3}