{"batch_size": 32, "depth": 5, "dropout": 0.042457338343566055, "ffn_hidden_size": 547, "ffn_num_layers": 2, "final_lr": 4.442225490826888e-05, "hidden_size": 300, "init_lr": 7.910633921461554e-07, "max_lr": 0.00011255073897665478, "warmup_epochs": 6}