{"batch_size": 10, "depth": 5, "dropout": 0.0, "ffn_hidden_size": 2280, "ffn_num_layers": 3, "final_lr": 2.597173403169493e-06, "hidden_size": 1479, "init_lr": 0.0009360250851313948, "max_lr": 0.0009493064750637799, "warmup_epochs": 5}