{"batch_size": 11, "depth": 3, "dropout": 0.2235988114258825, "ffn_hidden_size": 1376, "ffn_num_layers": 3, "final_lr": 7.649424645316784e-05, "hidden_size": 1169, "init_lr": 1e-06, "max_lr": 0.001, "warmup_epochs": 2}