{"batch_size": 10, "depth": 6, "dropout": 0.22456291357013752, "ffn_hidden_size": 1012, "ffn_num_layers": 2, "final_lr": 5.7946386493119136e-05, "hidden_size": 2400, "init_lr": 0.00014700864854573015, "max_lr": 0.00028302596591903064, "warmup_epochs": 4}