{"batch_size": 10, "depth": 4, "dropout": 0.039779996316265075, "ffn_hidden_size": 1237, "ffn_num_layers": 3, "final_lr": 0.00034107363224422145, "hidden_size": 1059, "init_lr": 0.00011015196547676117, "max_lr": 0.00034107363224422145, "warmup_epochs": 6}