{"batch_size": 26, "depth": 6, "dropout": 0.0, "ffn_hidden_size": 1112, "ffn_num_layers": 3, "final_lr": 3.3223105992904696e-06, "hidden_size": 1389, "init_lr": 9.503270026215135e-06, "max_lr": 0.000520034983967571, "warmup_epochs": 4}