{"batch_size": 99, "depth": 6, "dropout": 0.04178469175913913, "ffn_hidden_size": 910, "ffn_num_layers": 2, "final_lr": 3.0743350309658516e-09, "hidden_size": 2308, "init_lr": 1.298280896111904e-08, "max_lr": 2.2516707296950255e-07, "warmup_epochs": 4}