{"batch_size": 62, "depth": 5, "dropout": 0.28606443744871857, "ffn_hidden_size": 1492, "ffn_num_layers": 2, "final_lr": 1.1417132905003527e-06, "hidden_size": 1290, "init_lr": 7.30131510257903e-05, "max_lr": 0.0005957354770596833, "warmup_epochs": 5}