{"batch_size": 46, "depth": 4, "dropout": 0.25701552672667805, "ffn_hidden_size": 2061, "ffn_num_layers": 3, "final_lr": 1.1930794740354553e-05, "hidden_size": 2398, "init_lr": 0.0009058165895724252, "max_lr": 0.0009058165895724252, "warmup_epochs": 6}