{"batch_size": 14, "depth": 6, "dropout": 0.0, "ffn_hidden_size": 300, "ffn_num_layers": 2, "final_lr": 5.09706722697952e-05, "hidden_size": 2400, "init_lr": 1.3307326093178485e-06, "max_lr": 0.0003162727261214063, "warmup_epochs": 6}