{"batch_size": 83, "depth": 4, "dropout": 0.2340097536960322, "ffn_hidden_size": 1945, "ffn_num_layers": 3, "final_lr": 1.8575793500653686e-10, "hidden_size": 1972, "init_lr": 1.2859399310280662e-10, "max_lr": 2.5735297662115352e-08, "warmup_epochs": 6}