{"batch_size": 21, "depth": 3, "dropout": 0.19669881450516474, "ffn_hidden_size": 2338, "ffn_num_layers": 3, "final_lr": 3.006006218448356e-05, "hidden_size": 1794, "init_lr": 3.8727492889768524e-07, "max_lr": 8.012689212648869e-05, "warmup_epochs": 5}