{"batch_size": 43, "depth": 4, "dropout": 0.07569309383356845, "ffn_hidden_size": 961, "ffn_num_layers": 3, "final_lr": 0.000584148079649495, "hidden_size": 1625, "init_lr": 4.848545271575873e-05, "max_lr": 0.0007670140067780528, "warmup_epochs": 3}