{"batch_size": 53, "depth": 5, "dropout": 0.1802911611930718, "ffn_hidden_size": 484, "ffn_num_layers": 2, "final_lr": 2.6192802854447893e-06, "hidden_size": 1863, "init_lr": 6.707284884571735e-08, "max_lr": 5.54234220832417e-06, "warmup_epochs": 2}