{"batch_size": 51, "depth": 4, "dropout": 0.0, "ffn_hidden_size": 704, "ffn_num_layers": 3, "final_lr": 9.98367357859427e-05, "hidden_size": 2389, "init_lr": 1.0032528492223647e-06, "max_lr": 0.001, "warmup_epochs": 6}