{"batch_size": 81, "depth": 3, "dropout": 0.027000776032094855, "ffn_hidden_size": 1251, "ffn_num_layers": 2, "final_lr": 1.105161062735638e-05, "hidden_size": 2047, "init_lr": 1.3848761153388447e-06, "max_lr": 0.00029589870316906335, "warmup_epochs": 3}