{"batch_size": 75, "depth": 4, "dropout": 0.07133773135195598, "ffn_hidden_size": 1407, "ffn_num_layers": 1, "final_lr": 0.0006124632053918228, "hidden_size": 2040, "init_lr": 6.641557302761564e-05, "max_lr": 0.0006124632053918228, "warmup_epochs": 5}