{"batch_size": 83, "depth": 5, "dropout": 0.07965501367834574, "ffn_hidden_size": 1163, "ffn_num_layers": 1, "final_lr": 2.047572731802514e-08, "hidden_size": 931, "init_lr": 6.139451349359922e-09, "max_lr": 9.09315842177324e-07, "warmup_epochs": 5}