{"batch_size": 27, "depth": 5, "dropout": 0.20826552234745893, "ffn_hidden_size": 2296, "ffn_num_layers": 3, "final_lr": 3.006006218448356e-05, "hidden_size": 1818, "init_lr": 3.5603987788071207e-07, "max_lr": 8.012689212648869e-05, "warmup_epochs": 5}