{"batch_size": 37, "depth": 3, "dropout": 0.3517088798870689, "ffn_hidden_size": 2003, "ffn_num_layers": 3, "final_lr": 0.00016281741741250546, "hidden_size": 2398, "init_lr": 0.000128407080600465, "max_lr": 0.0005627754610576206, "warmup_epochs": 6}