{"batch_size": 70, "depth": 2, "dropout": 0.27278230052124086, "ffn_hidden_size": 1872, "ffn_num_layers": 1, "final_lr": 9.396402018625418e-06, "hidden_size": 1778, "init_lr": 7.522622086181822e-07, "max_lr": 0.0004397371644544829, "warmup_epochs": 3}