{"batch_size": 85, "depth": 5, "dropout": 0.2424230637798899, "ffn_hidden_size": 1035, "ffn_num_layers": 3, "final_lr": 5.00450312347787e-05, "hidden_size": 1769, "init_lr": 0.00022214579908116198, "max_lr": 0.000991029574415288, "warmup_epochs": 2}