{"batch_size": 68, "depth": 4, "dropout": 0.22513133284268885, "ffn_hidden_size": 2290, "ffn_num_layers": 3, "final_lr": 3.6555530130564754e-06, "hidden_size": 2223, "init_lr": 3.48582216710296e-05, "max_lr": 0.0006043059501244907, "warmup_epochs": 3}