{"batch_size": 67, "depth": 6, "dropout": 0.1504354533274646, "ffn_hidden_size": 1290, "ffn_num_layers": 2, "final_lr": 8.962786891377866e-05, "hidden_size": 409, "init_lr": 1.2149252169682403e-05, "max_lr": 0.0009465725142527477, "warmup_epochs": 5}