{"batch_size": 30, "depth": 4, "dropout": 0.18833835222849515, "ffn_hidden_size": 890, "ffn_num_layers": 3, "final_lr": 3.3414415587557046e-05, "hidden_size": 2316, "init_lr": 0.0004671624052839572, "max_lr": 0.0004671624052839572, "warmup_epochs": 5}