{"batch_size": 14, "depth": 6, "dropout": 0.26947478739463665, "ffn_hidden_size": 889, "ffn_num_layers": 3, "final_lr": 0.0001097466863658673, "hidden_size": 2400, "init_lr": 0.0009085056647952955, "max_lr": 0.0009085056647952955, "warmup_epochs": 6}