{"batch_size": 68, "depth": 2, "dropout": 0.15826748886476094, "ffn_hidden_size": 1123, "ffn_num_layers": 3, "final_lr": 1.7503151781658795e-06, "hidden_size": 2043, "init_lr": 4.383926229223498e-06, "max_lr": 0.00020966493322582212, "warmup_epochs": 2}