{"batch_size": 10, "depth": 4, "dropout": 0.0, "ffn_hidden_size": 1022, "ffn_num_layers": 3, "final_lr": 0.0009547122223955954, "hidden_size": 564, "init_lr": 2.684007245383631e-05, "max_lr": 0.001, "warmup_epochs": 5}