{"batch_size": 11, "depth": 6, "dropout": 0.03432534609414561, "ffn_hidden_size": 1822, "ffn_num_layers": 2, "final_lr": 4.1699978915564576e-07, "hidden_size": 977, "init_lr": 3.992678569393594e-06, "max_lr": 0.00011676926174754907, "warmup_epochs": 3}